Microsoft (R) Macro Assembler Version 14.29.30159.0	    10/04/26 19:19:58
forth32.asm						     Page 1 - 1





				;               HCC FIG generic 8086 FORTH
				; $Id: fig86.gnr,v 2.148 2000/12/02 14:58:07 albert Exp $
				; Copyright (2000): Albert van der Horst, HCC FIG Holland by GNU Public License
				;
				        ;  66,106
				 ;   GENERIC FORTH FOR 8086 $Revision: 2.148 $
				 ;
				; NASM version of FIG FORTH created by M4 from generic listing.
				;
				%if 0
				%endif
				        ;
				; ########################################################################################
				;                       PREPARATION (no code)
				; ########################################################################################
 = 00000002			FIGREL  EQU     2       ; FIG RELEASE #
 = 00000000			FIGREV  EQU     0       ; FIG REVISION #
 = 00000022			USRVER  EQU     34      ; USER VERSION NUMBER, a digit now
				;
				;       PROTECTION
 = 00000004			CW      EQU     4       ; I.e. for the mode used in Forth, not in the bootcode.
 = 000000FF			PMASK   EQU     0FFH    ; Allow to access only 256 blocks from OFFSET
				;
				;      ASCII CHARACTER EQUIVALENTS
				;
 = 00000020			ABL     EQU     20H     ; SPACE
 = 0000000D			ACR     EQU     0DH     ; CR
 = 0000002E			ADOT    EQU     2EH     ; PERIOD
 = 00000007			BELL    EQU     07H     ; ^G
 = 00000008			BSIN    EQU     08H     ; INPUT DELETE CHARACTER
 = 00000008			BSOUT   EQU     08H     ; OUTPUT BACKSPACE ( ^H )
 = 0000000A			LF      EQU     0AH     ; LINE FEED, USED INTERNALLY AS
				                        ; LINE ENDER
 = 0000000C			FF      EQU     0CH     ; FORM FEED
				;
				;      MEMORY + I/O CONSTANTS
				;
 = 00000002			NBUF    EQU     2       ; NO. OF BUFFERS AKA SCREENS 
 = 00000400			KBBUF   EQU     1024    ;DATA BYTES PER DISK BUFFER
 = 00000100			US      EQU     100H     ; USER VARIABLE SPACE

 = 00010000			 RTS     EQU  10000H    ; RETURN STACK & TERM BUFFER 
				;
				 ;

				;

 = 00000200			BPS     EQU     512             ;Bytes/sector, common to all of MSDOS
 = 00000002			SPB     EQU     KBBUF/BPS
				;
				; PHYSICAL DISK PARAMETERS
				; (not needed for MODERN)
				; (not needed for BOOTHD)
				;
				; Disk parameters: 
				; HD drive 3" 
 = 00000050			TRKS    EQU     80    ;Number of tracks
 = 00000012			SPT     EQU     18    ;Sectors/track
 = 00000002			HEADS   EQU     2     ;Number of heads 
 = 00000002			NFAT    EQU     2     ; Number of FATS
 = 0000000E			SECROOT EQU     0EH   ; Sectors for root directory entry.
 = 00000009			SECFAT  EQU     9     ; Sectors per FAT
 = 000000F0			MEDIA   EQU    0F0H   ; Descriptor byte. Anachronism.

				%if 0
				%endif

				; Bios specific equates.
 = 00007C00			BOOTADDRESS     EQU     07C00H ; PC jumps to 0:7C00 to boot
 = 00000B40			SPDRV   EQU     HEADS*TRKS*SPT    ; sectors/drive
				        ; Skip boot sector,fats and root dir and first sector of file.
 = 00000022			SECSTRT EQU     1+NFAT*SECFAT + SECROOT + 1
				%if 0
				%endif
				; END  OF PHYSICAL DISK PARAMETERS

				;
 = 80000000			BMASK   EQU     80000000H

				; ########################################################################################
				; ENTRY macros to define dictionary headers. There is one for code immediately
				; following, and another for DOCOL etc. Forth routines.
				; NOTE WELL the C_Label - MASM silently (!) fails on the original code:
				;   label DD $+4
				;
				; with a value of 4 instead of currentlocation + 4. These things, along with bizarre behaviour
				; of colon/no-colon on labels, are sent to try us.

				; Initial value of link
 = 00000000			Link    =     0

				; Code entry (where code follows directly after entry)
				CODE_ENTRY    MACRO   Label, Count, Ref, Last

				N_&Label& DB  Count
				        DB  Ref
				        DB  Last
				        DD  Link
				Link    = N_&Label&
				Label   DD  C_&Label&
				C_&Label&:
				ENDM

				; Code entry as above, but with only a 1 character name (there is no Ref).
				; This saves the IFNB test which causes problems with escaping special chars.
				CODE_ENTRY_1  MACRO   Label, Count, Last

				N_&Label& DB  Count
				        DB  Last
				        DD  Link
				Link    = N_&Label&
				Label   DD  C_&Label&
				C_&Label&:
				ENDM

				; Forth word entry (Docode and other Forth words follow)
				ENTRY    MACRO   Label, Count, Ref, Last, DoCode

				N_&Label& DB  Count
				        DB  Ref
				        DB  Last
				        DD  Link
				Link    = N_&Label&
				Label   DD  DoCode
				ENDM

				; Forth word entry (1 char version as above)
				ENTRY_1    MACRO   Label, Count, Last, DoCode

				N_&Label& DB  Count
				        DB  Last
				        DD  Link
				Link    = N_&Label&
				Label   DD  DoCode
				ENDM


				; ########################################################################################

				.386
				.model flat, c


				; I/O routines.
				        extern  c_type:PROC
				        extern  c_expect:PROC
				        extern  c_key:PROC
				        extern  c_qterminal:PROC
				        extern  c_readwrite:PROC
				        extern  c_block_exit:PROC
				        extern  c_block_init:PROC
				 ;



				        ;
				; ########################################################################################
				;                      BOOTCODE    (optional, always real mode)
				; ########################################################################################

				; All bootcode must be relocatable and its memory references absolute.
				; Not for the sake of booting, but to allow MSDOS to start the program too. 

				        ;    SEGMENT PARA PUBLIC 'CODE'
				        ; CS:;,DS:;,SS:;,ES:;
				    

				; ########################################################################################
				;                       ADJUST CODE SEGMENT REGISTER (still real mode)
				; ########################################################################################
				; Required start of .COM program.
				    

				; ########################################################################################
				;                       MOVE CODE TO ITS PLACE (still real mode)
				; ########################################################################################

				;

				; ########################################################################################
				;                       FILL GDT AND SWITCH TO PROTECTED MODE/32 BITS (optional)
				; ########################################################################################
				;

				;

				;

				.stack 4096
 00000000			.code
				PUBLIC figforth
 00000000			figforth proc

 00000000  8D 4C 24 04		        LEA     ECX,[ESP+(CW*1)]
 00000004  33 C0		        XOR     EAX,EAX
 00000006  3B 01		        CMP     EAX, DWORD PTR[ECX]
 00000008  74 05		        JZ     ENDIF1
 0000000A  E9 0000010B		        JMP     BOOTUP+(CW*2)         ; Warm start
 0000000F			ENDIF1:
 0000000F  E9 000000FE		        JMP     BOOTUP                  ; Cold start

				; ########################################################################################
				;                       FORTH ITSELF (entry point : BOOTUP)
				; ########################################################################################
				;
				%if 0
				%endif
				        ;
				%if 0
				%endif
				;
				        ;
				;

 00000014  52			DPUSH:  PUSH    EDX
 00000015  50			APUSH:  PUSH    EAX

				; ######################################################################
				; NEXT, the Forth address (inner) interpreter.

				; In 32 bit versions there may be no jumps to NEXT0 at all 
				; The label NEXT1 is rarely relevant (for _OLDDEBUG_) 
 00000016  AD			NEXT0:  LODSD           ;AX <- (IP), IP += 4
 00000017  8B D8		NEXT1:  MOV     EBX,EAX   ; (W) <- (IP)

 00000019  FF 23		        JMP      DWORD PTR[EBX]    ; TO `CFA'
				        ;

				; NEXT macro goes at the end of code words. It is the same code as above.

				NEXT    MACRO
				        LODSD 
				        MOV     EBX,EAX                  
				        JMP      DWORD PTR[EBX]   
				ENDM



				; #######################################################################
				;       Dictionary starts here.

 0000001B			DP0:
				;  *********** 
				;  *   LIT   *
				;  *********** 
				;  
				%if 1
				        CODE_ENTRY LIT, 80H+3, "LI", "T"+80H
 0000001B 83		     1	N_LIT DB  80H+3
 0000001C  4C 49	     1	        DB  "LI"
 0000001E  D4		     1	        DB  "T"+80H
 0000001F  00000000	     1	        DD  Link
 00000023 00000027 R	     1	LIT   DD  C_LIT
 00000027		     1	C_LIT:
				%else
				%endif                           
 00000027  AD			        LODSD           ; AX <- LITERAL
 00000028  50			        PUSH    EAX
				        NEXT
 00000029  AD		     1	        LODSD 
 0000002A  8B D8	     1	        MOV     EBX,EAX                  
 0000002C  FF 23	     1	        JMP      DWORD PTR[EBX]   
				;

				;  *************** 
				;  *   EXECUTE   *
				;  *************** 
				;  
				%if 1
				        CODE_ENTRY EXEC, 80H+7, "EXECUT", "E"+80H
 0000002E 87		     1	N_EXEC DB  80H+7
 0000002F  45 58 45 43 55    1	        DB  "EXECUT"
	   54
 00000035  C5		     1	        DB  "E"+80H
 00000036  0000001B R	     1	        DD  Link
 0000003A 0000003E R	     1	EXEC   DD  C_EXEC
 0000003E		     1	C_EXEC:
				%else
				%endif                           
 0000003E  5B			        POP     EBX      ; GET CFA
 0000003F  FF 23		        JMP      DWORD PTR[EBX]
				;

				;  ************** 
				;  *   BRANCH   *
				;  ************** 
				;  
				%if 1
				        CODE_ENTRY BRAN, 80H+6, "BRANC", "H"+80H
 00000041 86		     1	N_BRAN DB  80H+6
 00000042  42 52 41 4E 43    1	        DB  "BRANC"
 00000047  C8		     1	        DB  "H"+80H
 00000048  0000002E R	     1	        DD  Link
 0000004C 00000050 R	     1	BRAN   DD  C_BRAN
 00000050		     1	C_BRAN:
				%else
				%endif                           
 00000050  03 36		BRAN1:  ADD     ESI,[ESI]
				        NEXT
 00000052  AD		     1	        LODSD 
 00000053  8B D8	     1	        MOV     EBX,EAX                  
 00000055  FF 23	     1	        JMP      DWORD PTR[EBX]   
				;

				;  *************** 
				;  *   0BRANCH   *
				;  *************** 
				;  
				%if 1
				        CODE_ENTRY ZBRAN, 80H+7, "0BRANC", "H"+80H
 00000057 87		     1	N_ZBRAN DB  80H+7
 00000058  30 42 52 41 4E    1	        DB  "0BRANC"
	   43
 0000005E  C8		     1	        DB  "H"+80H
 0000005F  00000041 R	     1	        DD  Link
 00000063 00000067 R	     1	ZBRAN   DD  C_ZBRAN
 00000067		     1	C_ZBRAN:
				%else
				%endif                           
 00000067  58			        POP     EAX      ; GET STACK VALUE
 00000068  0B C0		        OR      EAX,EAX   ; ZERO?
 0000006A  74 E4		        JZ      BRAN1   ; YES, BRANCH
 0000006C  8D 76 04		        LEA     ESI,[ESI+(CW*1)]
				        NEXT
 0000006F  AD		     1	        LODSD 
 00000070  8B D8	     1	        MOV     EBX,EAX                  
 00000072  FF 23	     1	        JMP      DWORD PTR[EBX]   
				;

				;  ************ 
				;  *   NOOP   *
				;  ************ 
				;  
				%if 1
				        CODE_ENTRY NOOP, 80H+4, "NOO", "P"+80H
 00000074 84		     1	N_NOOP DB  80H+4
 00000075  4E 4F 4F	     1	        DB  "NOO"
 00000078  D0		     1	        DB  "P"+80H
 00000079  00000057 R	     1	        DD  Link
 0000007D 00000081 R	     1	NOOP   DD  C_NOOP
 00000081		     1	C_NOOP:
				%else
				%endif
				        NEXT
 00000081  AD		     1	        LODSD 
 00000082  8B D8	     1	        MOV     EBX,EAX                  
 00000084  FF 23	     1	        JMP      DWORD PTR[EBX]   
				;

				;  ************** 
				;  *   (LOOP)   *
				;  ************** 
				;  
				%if 1
				        CODE_ENTRY XLOOP, 80H+6, "(LOOP", ")"+80H
 00000086 86		     1	N_XLOOP DB  80H+6
 00000087  28 4C 4F 4F 50    1	        DB  "(LOOP"
 0000008C  A9		     1	        DB  ")"+80H
 0000008D  00000074 R	     1	        DD  Link
 00000091 00000095 R	     1	XLOOP   DD  C_XLOOP
 00000095		     1	C_XLOOP:
				%else
				%endif                           
 00000095  BB 00000001		        MOV     EBX,1    ; INCREMENT
 0000009A  01 5D 00		XLOO1:  ADD     [EBP],EBX ; INDEX = INDEX + INCR
 0000009D  8B 45 00		        MOV     EAX,[EBP] ; GET NEW INDEX
 000000A0  2B 45 04		        SUB     EAX,[EBP+(CW*1)]        ; COMPARE WITH LIMIT
 000000A3  33 C3		        XOR     EAX,EBX   ; TEST SIGN
 000000A5  78 A9		        JS      BRAN1   ; KEEP LOOPING
				;
				;  END OF `DO' LOOP
 000000A7  83 C5 08		        ADD     EBP,(CW*2)             ; ADJ RETURN STACK
 000000AA  8D 76 04		        LEA     ESI,[ESI+(CW*1)]       ; BYPASS BRANCH OFFSET
				        NEXT
 000000AD  AD		     1	        LODSD 
 000000AE  8B D8	     1	        MOV     EBX,EAX                  
 000000B0  FF 23	     1	        JMP      DWORD PTR[EBX]   
				;

				;  *************** 
				;  *   (+LOOP)   *
				;  *************** 
				;  
				%if 1
				        CODE_ENTRY XPLOO, 80H+7, "(+LOOP", ")"+80H
 000000B2 87		     1	N_XPLOO DB  80H+7
 000000B3  28 2B 4C 4F 4F    1	        DB  "(+LOOP"
	   50
 000000B9  A9		     1	        DB  ")"+80H
 000000BA  00000086 R	     1	        DD  Link
 000000BE 000000C2 R	     1	XPLOO   DD  C_XPLOO
 000000C2		     1	C_XPLOO:
				%else
				%endif                           
 000000C2  5B			        POP     EBX      ; GET LOOP VALUE
 000000C3  EB D5		        JMP SHORT     XLOO1
				;

				;  ************ 
				;  *   (DO)   *
				;  ************ 
				;  
				%if 1
				        CODE_ENTRY XDO, 80H+4, "(DO", ")"+80H
 000000C5 84		     1	N_XDO DB  80H+4
 000000C6  28 44 4F	     1	        DB  "(DO"
 000000C9  A9		     1	        DB  ")"+80H
 000000CA  000000B2 R	     1	        DD  Link
 000000CE 000000D2 R	     1	XDO   DD  C_XDO
 000000D2		     1	C_XDO:
				%else
				%endif                           
 000000D2  5A			        POP     EDX      ; INITIAL INDEX VALUE
 000000D3  58			        POP     EAX      ; LIMIT VALUE
 000000D4  87 EC		        XCHG    EBP,ESP   ; GET RETURN STACK
 000000D6  50			        PUSH    EAX
 000000D7  52			        PUSH    EDX
 000000D8  87 EC		        XCHG    EBP,ESP   ; GET PARAMETER STACK
 000000DA  AD			        LODSD                 ; NEXT
 000000DB  8B D8		        MOV     EBX,EAX                  
 000000DD  FF 23		        JMP      DWORD PTR[EBX]   
				;

				;  ********* 
				;  *   I   *
				;  ********* 
				;  
				%if 1
				        CODE_ENTRY_1 IDO, 80H+1, "I"+80H
 000000DF 81		     1	N_IDO DB  80H+1
 000000E0  C9		     1	        DB  "I"+80H
 000000E1  000000C5 R	     1	        DD  Link
 000000E5 000000E9 R	     1	IDO   DD  C_IDO
 000000E9		     1	C_IDO:
				%else
				%endif                           
 000000E9  8B 45 00		        MOV     EAX,[EBP] ; GET INDEX VALUE
 000000EC  50			        PUSH    EAX
 000000ED  AD			        LODSD                 ; NEXT
 000000EE  8B D8		        MOV     EBX,EAX                  
 000000F0  FF 23		        JMP      DWORD PTR[EBX]             ; TO PARAMETER STACK
				;

				;  *************** 
				;  *   +ORIGIN   *
				;  *************** 
				;  
				%if 1
				        ENTRY PORIG, 80H+7, "+ORIGI", "N"+80H, DOCOL
 000000F2 87		     1	N_PORIG DB  80H+7
 000000F3  2B 4F 52 49 47    1	        DB  "+ORIGI"
	   49
 000000F9  CE		     1	        DB  "N"+80H
 000000FA  000000DF R	     1	        DD  Link
 000000FE 000006A1 R	     1	PORIG   DD  DOCOL
				%else
				%endif                           
 00000102  00000023 R		        DD      LIT
 00000106  0000012A R		        DD      USINI
 0000010A  000004C0 R		        DD      PLUS
 0000010E  00000422 R		        DD      SEMIS
				;
				;
				;      Initialisation block for user variables through VOC-LINK
				;       <<<<< must be in same order as user variables >>>>>
				;
 00000112			BOOTUP:
 00000112  90			        NOP                    ; Fills jump to 4 bytes (for 16 bits code)
 00000113  90			        NOP         ; or to 8 bytes for 32 bits code  
 00000114  90			        NOP 
 00000115  E9 000016ED		        JMP     LCLD     ;VECTOR TO COLD START
 0000011A  90			        NOP                    ; Fills jump to 4 bytes (for 16 bits code)
 0000011B  90			        NOP         ; or to 8 bytes for 32 bits code  
 0000011C  90			        NOP 
 0000011D  E9 000016C1		        JMP     WRM     ; VECTOR TO WARM START
 00000122  02			        DB      FIGREL  ; FIG RELEASE #
 00000123  00			        DB      FIGREV  ; FIG REVISION #
 00000124  22			        DB      USRVER  ; USER REVISION #
 00000125  0E			        DB      0EH     ; VERSION ATTRIBUTES
 00000126  00000000		        DD 0   ; Fill version info up to two cells. 
 0000012A			USINI:
 0000012A  000028D1 R		        DD      N_TASK ; FIRST DEFINITION 0 
 0000012E  000FF6F0 R		        DD      STRUSA  ; INIT (U0) USER AREA POINTER 1
 00000132  00000008		        DD      BSIN    ; RUBOUT: get rid of latest char 2
 00000136  000EF6F0 R		        DD      INITS0  ; INIT (S0)         3
 0000013A  000FF6F0 R		        DD      INITR0  ; INIT (R0)         4
 0000013E  000EF6F0 R		        DD      STRTIB  ; INIT (TIB)        5
 00000142  00000020		        DD      32      ; INIT (WIDTH)      6
 00000146  00000000		        DD      0       ; INIT (WARNING)      7
 0000014A  000028E2 R		        DD      INITDP  ;      INIT (FENCE)  8
 0000014E  000028E2 R		        DD      INITDP  ;      INIT (DP)     9
 00000152  000016E8 R		        DD      FORTH+2+(CW*2)+(CW*1) ;       INIT (VOC-LINK) 10

 00000156  00000000		        DD      0       ; INIT (OFFSET) 
				 ;
				;
				;
				;
				;
				;
				;
				;
				;      The following is the CPU's name, printed
				;       during cold start.
				;       The name is 32 bits in base 36.
				;
				;

 0000015A 000000CD		CPUNM      DD      0CDH,1856H       ; '80386'     12 13 
	   00001856
				;
				;
				;
				;      <<<<< end of data used by cold start >>>>>
				; Pad out to US (100H) bytes for the CMOVE
 00000162  000000C8 [		        BYTE    US-($ - USINI) DUP(0)        ; All user can be initialised.
	    00
	   ]
				;

				;  ************* 
				;  *   DIGIT   *
				;  ************* 
				;  
				%if 1
				        CODE_ENTRY DIGIT, 80H+5, "DIGI", "T"+80H
 0000022A 85		     1	N_DIGIT DB  80H+5
 0000022B  44 49 47 49	     1	        DB  "DIGI"
 0000022F  D4		     1	        DB  "T"+80H
 00000230  000000F2 R	     1	        DD  Link
 00000234 00000238 R	     1	DIGIT   DD  C_DIGIT
 00000238		     1	C_DIGIT:
				%else
				%endif                           
 00000238  5A			        POP     EDX      ;NUMBER BASE
 00000239  58			        POP     EAX      ;ASCII DIGIT
 0000023A  2C 30		        SUB     AL,'0'
 0000023C  72 1B		        JB      DIGI2   ;NUMBER ERROR
 0000023E  3C 09		        CMP     AL,9
 00000240  76 06		        JBE     DIGI1   ;NUMBER = 0 THRU 9
 00000242  2C 07		        SUB     AL,7
 00000244  3C 0A		        CMP     AL,10   ;NUMBER 'A' THRU 'Z'?
 00000246  72 11		        JB      DIGI2   ;NO
 00000248  3A C2		DIGI1:  CMP     AL,DL   ; COMPARE NUMBER TO BASE
 0000024A  73 0D		        JAE     DIGI2   ;NUMBER ERROR
 0000024C  2B D2		        SUB     EDX,EDX   ;ZERO
 0000024E  8A D0		        MOV     DL,AL   ;NEW BINARY NUMBER
 00000250  B0 01		        MOV     AL,1    ;TRUE FLAG
 00000252  52			        PUSH    EDX
 00000253  50			        PUSH    EAX
 00000254  AD			        LODSD                 ; NEXT
 00000255  8B D8		        MOV     EBX,EAX                  
 00000257  FF 23		        JMP      DWORD PTR[EBX]             ;ADD TO STACK
				;   NUMBER ERROR
 00000259  2B C0		DIGI2:  SUB     EAX,EAX   ;FALSE FLAG
 0000025B  50			        PUSH    EAX
 0000025C  AD			        LODSD                 ; NEXT
 0000025D  8B D8		        MOV     EBX,EAX                  
 0000025F  FF 23		        JMP      DWORD PTR[EBX]   
				        ;

				;  ************** 
				;  *   (FIND)   *
				;  ************** 
				;  ### TODO: make this (optiomnally) case insensitive.
				%if 1
				        CODE_ENTRY PFIND, 80H+6, "(FIND", ")"+80H
 00000261 86		     1	N_PFIND DB  80H+6
 00000262  28 46 49 4E 44    1	        DB  "(FIND"
 00000267  A9		     1	        DB  ")"+80H
 00000268  0000022A R	     1	        DD  Link
 0000026C 00000270 R	     1	PFIND   DD  C_PFIND
 00000270		     1	C_PFIND:
				%else
				%endif                           
				;       MOV     AX,DS
				;       MOV    ES,AX   ;ES = DS
 00000270  5B			        POP     EBX      ;NFA
 00000271  59			        POP     ECX      ;STRING ADDR
				;
				;  SEARCH LOOP
 00000272  8B F9		PFIN1:  MOV     EDI,ECX   ;GET ADDR
 00000274  8A 03		        MOV     AL,[EBX] ;GET WORD LENGTH
 00000276  8A D0		        MOV     DL,AL   ;SAVE WORD LENGTH
 00000278  32 07		        XOR     AL,[EDI]
 0000027A  24 3F		        AND     AL,3FH  ;CHECK LENGTHS
 0000027C  75 21		        JNZ     PFIN5   ;LENGTHS DIFFER

				;
				;   LENGTHS MATCH - CHECK EACH CHARACTER IN NAME
 0000027E  43			PFIN2:  INC     EBX
 0000027F  47			        INC     EDI      ; NEXT CHAR OF NAME
 00000280  8A 03		        MOV     AL,[EBX]
 00000282  32 07		        XOR     AL,[EDI] ;COMPARE NAMES
 00000284  02 C0		        ADD     AL,AL   ;THIS WILL BE TEST BIT 8
 00000286  75 1A		        JNZ     PFIN5A  ;NO MATCH
 00000288  F6 03 80		        TEST    BYTE PTR[EBX], 80H  ;Test for Last char of NFA
 0000028B  74 F1		        JZ      PFIN2   
				;
				;   FOUND END OF NAME (BIT 8 SET) - A MATCH
 0000028D  83 C3 09		        ADD     EBX, 1+(CW*2); BX = PFA
 00000290  53			        PUSH    EBX      ; (S3) <- PFA
 00000291  B8 00000001		        MOV     EAX,1    ;TRUE VALUE
 00000296  2A F6		        SUB     DH,DH
 00000298  52			        PUSH    EDX
 00000299  50			        PUSH    EAX
 0000029A  AD			        LODSD                 ; NEXT
 0000029B  8B D8		        MOV     EBX,EAX                  
 0000029D  FF 23		        JMP      DWORD PTR[EBX]   
				;
				;   NO NAME MATCH - TRY ANOTHER
				;
				; GET NEXT LINK FIELD ADDR (LFA)
				; ( ZERO = FIRST WORD OF DICTIONARY )
				;
 0000029F  43			PFIN5:  INC     EBX      ;NEXT ADDR
 000002A0  72 06		        JB      PFIN6   ;END OF NAME
 000002A2  8A 03PFIN5A: MOV     AL,[EBX] ;GET NEXT CHAR
 000002A4  02 C0		        ADD     AL,AL   ;SET/RESET CARRY
 000002A6  EB F7		        JMP SHORT     PFIN5   ;LOOP UNTIL FOUND
				;
 000002A8  8B 1B		PFIN6:  MOV     EBX,[EBX] ; GET LINK FIELD ADDR
 000002AA  0B DB		        OR      EBX,EBX   ; START OF DICT ( 0 )
 000002AC  75 C4		        JNZ     PFIN1   ; NO , LOOK MORE
 000002AE  B8 00000000		        MOV     EAX,0    ; FALSE FLAG
 000002B3  50			        PUSH    EAX
 000002B4  AD			        LODSD                 ; NEXT
 000002B5  8B D8		        MOV     EBX,EAX                  
 000002B7  FF 23		        JMP      DWORD PTR[EBX]             ; DONE ( NO MATCH FOUND )
				;

				;  *************** 
				;  *   ENCLOSE   *
				;  *************** 
				;  
				%if 1
				        CODE_ENTRY ENCL, 80H+7, "ENCLOS", "E"+80H
 000002B9 87		     1	N_ENCL DB  80H+7
 000002BA  45 4E 43 4C 4F    1	        DB  "ENCLOS"
	   53
 000002C0  C5		     1	        DB  "E"+80H
 000002C1  00000261 R	     1	        DD  Link
 000002C5 000002C9 R	     1	ENCL   DD  C_ENCL
 000002C9		     1	C_ENCL:
				%else
				%endif                           
 000002C9  58			        POP     EAX      ;S1 - TERMINATOR CHAR
 000002CA  5B			        POP     EBX      ;S2 - TEXT ADDR
 000002CB  53			        PUSH    EBX      ;ADDR - BACK TO STACK ( IT RHYMES )
 000002CC  B4 00		        MOV     AH,0    ;ZERO
 000002CE  BA FFFFFFFF		        MOV     EDX,-1   ;CHAR OFFSET COUNTER
 000002D3  4B			        DEC     EBX      ;ADDR -1
				;
				;   SCAN TO FIRST NON-TERMINATOR CHARACTER
 000002D4  43			ENCL1:  INC     EBX      ;ADDR+1
 000002D5  42			        INC     EDX      ;COUNT+1
 000002D6  3A 03		        CMP     AL,[EBX]
 000002D8  74 FA		        JZ      ENCL1   ;WAIT FOR NON-TERMINATOR
 000002DA  52			        PUSH    EDX      ;OFFSET TO 1ST TEXT CHAR
 000002DB  3A 23		        CMP     AH,[EBX] ;NULL CHAR?
 000002DD  75 0A		        JNZ     ENCL2   ;NO
				;
				;  FOUND NULL BEFORE 1ST NON-TERM CHAR
 000002DF  8B C2		        MOV     EAX,EDX   ;COPY COUNTER
 000002E1  42			        INC     EDX      ; +1
 000002E2  52			        PUSH    EDX
 000002E3  50			        PUSH    EAX
 000002E4  AD			        LODSD                 ; NEXT
 000002E5  8B D8		        MOV     EBX,EAX                  
 000002E7  FF 23		        JMP      DWORD PTR[EBX]   
				;
				;   FOUND FIRST TEXT CHAR - COUNT THE CHARS
 000002E9  43			ENCL2:  INC     EBX      ; ADDR+1
 000002EA  42			        INC     EDX      ;COUNT+1
 000002EB  3A 03		        CMP     AL,[EBX] ;TERMINATOR CHAR?
 000002ED  74 0D		        JZ      ENCL4   ;YES
 000002EF  3A 23		        CMP     AH,[EBX] ;NULL CHAR?
 000002F1  75 F6		        JNZ     ENCL2   ;NO, LOOP AGAIN
				;
				;   FOUND NULL AT END OF TEXT
 000002F3  8B C2		ENCL3:  MOV     EAX,EDX   ;COUNTERS ARE EQUAL
 000002F5  52			        PUSH    EDX
 000002F6  50			        PUSH    EAX
 000002F7  AD			        LODSD                 ; NEXT
 000002F8  8B D8		        MOV     EBX,EAX                  
 000002FA  FF 23		        JMP      DWORD PTR[EBX]   
				;
				;   FOUND TERMINATOR CHARACTER
 000002FC  8B C2		ENCL4:  MOV     EAX,EDX
 000002FE  40			        INC     EAX      ;COUNT+1
 000002FF  52			        PUSH    EDX
 00000300  50			        PUSH    EAX
 00000301  AD			        LODSD                 ; NEXT
 00000302  8B D8		        MOV     EBX,EAX                  
 00000304  FF 23		        JMP      DWORD PTR[EBX]   
				;

				;  ********** 
				;  *   CR   *
				;  ********** 
				;  
				%if 1
				        ENTRY CR, 80H+2, "C", "R"+80H, DOCOL
 00000306 82		     1	N_CR DB  80H+2
 00000307  43		     1	        DB  "C"
 00000308  D2		     1	        DB  "R"+80H
 00000309  000002B9 R	     1	        DD  Link
 0000030D 000006A1 R	     1	CR   DD  DOCOL
				%else
				%endif                           
 00000311  00000023 R		        DD      LIT,LF
	   0000000A
 00000319  00001EFF R		        DD      EMIT
 0000031D  00000422 R		        DD      SEMIS
				;

				;  ************* 
				;  *   CMOVE   *
				;  ************* 
				;  
				%if 1
				        CODE_ENTRY LCMOVE, 80H+5, "CMOV", "E"+80H
 00000321 85		     1	N_LCMOVE DB  80H+5
 00000322  43 4D 4F 56	     1	        DB  "CMOV"
 00000326  C5		     1	        DB  "E"+80H
 00000327  00000306 R	     1	        DD  Link
 0000032B 0000032F R	     1	LCMOVE   DD  C_LCMOVE
 0000032F		     1	C_LCMOVE:
				%else
				%endif                           
 0000032F  FC			        CLD             ;INC DIRECTION
 00000330  8B DE		        MOV     EBX,ESI   ;SAVE IF
 00000332  59			        POP     ECX      ;COUNT
 00000333  5F			        POP     EDI      ;DEST
 00000334  5E			        POP     ESI      ;SOURCE
				;       MOV    AX,DS
				;       MOV    ES,AX   ;ES <- DS
 00000335  F3/ A4		        REP     MOVSB   ;THAT'S THE MOVE
 00000337  8B F3		        MOV     ESI,EBX   ;GET BACK IP
 00000339  AD			        LODSD                 ; NEXT
 0000033A  8B D8		        MOV     EBX,EAX                  
 0000033C  FF 23		        JMP      DWORD PTR[EBX]   
				;

				;  ********** 
				;  *   U*   *
				;  ********** 
				;  
				%if 1
				        CODE_ENTRY USTAR, 80H+2, "U", "*"+80H
 0000033E 82		     1	N_USTAR DB  80H+2
 0000033F  55		     1	        DB  "U"
 00000340  AA		     1	        DB  "*"+80H
 00000341  00000321 R	     1	        DD  Link
 00000345 00000349 R	     1	USTAR   DD  C_USTAR
 00000349		     1	C_USTAR:
				%else
				%endif                           
 00000349  58			        POP     EAX
 0000034A  5B			        POP     EBX
 0000034B  F7 E3		        MUL     EBX      ;UNSIGNED
 0000034D  92			        XCHG    EAX,EDX   ;AX NOW = MSW
 0000034E  52			        PUSH    EDX
 0000034F  50			        PUSH    EAX
 00000350  AD			        LODSD                 ; NEXT
 00000351  8B D8		        MOV     EBX,EAX                  
 00000353  FF 23		        JMP      DWORD PTR[EBX]             ;STORE DOUBLE CELL
				;

				;  ********** 
				;  *   U/   *
				;  ********** 
				;  
				%if 1
				        CODE_ENTRY USLAS, 80H+2, "U", "/"+80H
 00000355 82		     1	N_USLAS DB  80H+2
 00000356  55		     1	        DB  "U"
 00000357  AF		     1	        DB  "/"+80H
 00000358  0000033E R	     1	        DD  Link
 0000035C 00000360 R	     1	USLAS   DD  C_USLAS
 00000360		     1	C_USLAS:
				%else
				%endif                           
 00000360  5B			        POP     EBX      ;DIVISOR
 00000361  5A			        POP     EDX      ;MSW OF DIVIDEND
 00000362  58			        POP     EAX      ;LSW OF DIVIDEND
 00000363  3B D3		        CMP     EDX,EBX   ;DICIDE BY 0?
 00000365  73 09		        JNB     DZERO   ; ERROR - ZERO DIVIDE
 00000367  F7 F3		        DIV     EBX      ;16 BIT DIVIDE
 00000369  52			        PUSH    EDX
 0000036A  50			        PUSH    EAX
 0000036B  AD			        LODSD                 ; NEXT
 0000036C  8B D8		        MOV     EBX,EAX                  
 0000036E  FF 23		        JMP      DWORD PTR[EBX]             ;STORE QUOT/REM
				;
				;      DIVIDE BY ZERO ERROR - SHOW MAX NUMBERS
 00000370  B8 FFFFFFFF		DZERO:  MOV     EAX,-1
 00000375  8B D0		        MOV     EDX,EAX
 00000377  52			        PUSH    EDX
 00000378  50			        PUSH    EAX
 00000379  AD			        LODSD                 ; NEXT
 0000037A  8B D8		        MOV     EBX,EAX                  
 0000037C  FF 23		        JMP      DWORD PTR[EBX]             ;STORE QUOT/REM
				;

				;  *********** 
				;  *   AND   *
				;  *********** 
				;  
				%if 1
				        CODE_ENTRY LAND, 80H+3, "AN", "D"+80H
 0000037E 83		     1	N_LAND DB  80H+3
 0000037F  41 4E	     1	        DB  "AN"
 00000381  C4		     1	        DB  "D"+80H
 00000382  00000355 R	     1	        DD  Link
 00000386 0000038A R	     1	LAND   DD  C_LAND
 0000038A		     1	C_LAND:
				%else
				%endif                           
 0000038A  58			        POP     EAX
 0000038B  5B			        POP     EBX
 0000038C  23 C3		        AND     EAX,EBX
 0000038E  50			        PUSH    EAX
 0000038F  AD			        LODSD                 ; NEXT
 00000390  8B D8		        MOV     EBX,EAX                  
 00000392  FF 23		        JMP      DWORD PTR[EBX]   
				;

				;  ********** 
				;  *   OR   *
				;  ********** 
				;  
				%if 1
				        CODE_ENTRY LOR, 80H+2, "O", "R"+80H
 00000394 82		     1	N_LOR DB  80H+2
 00000395  4F		     1	        DB  "O"
 00000396  D2		     1	        DB  "R"+80H
 00000397  0000037E R	     1	        DD  Link
 0000039B 0000039F R	     1	LOR   DD  C_LOR
 0000039F		     1	C_LOR:
				%else
				%endif                           
 0000039F  58			        POP     EAX      ; (S1) <- (S1) OR (S2)
 000003A0  5B			        POP     EBX
 000003A1  0B C3		        OR      EAX,EBX
 000003A3  50			        PUSH    EAX
 000003A4  AD			        LODSD                 ; NEXT
 000003A5  8B D8		        MOV     EBX,EAX                  
 000003A7  FF 23		        JMP      DWORD PTR[EBX]   
				;

				;  *********** 
				;  *   XOR   *
				;  *********** 
				;  
				%if 1
				        CODE_ENTRY LXOR, 80H+3, "XO", "R"+80H
 000003A9 83		     1	N_LXOR DB  80H+3
 000003AA  58 4F	     1	        DB  "XO"
 000003AC  D2		     1	        DB  "R"+80H
 000003AD  00000394 R	     1	        DD  Link
 000003B1 000003B5 R	     1	LXOR   DD  C_LXOR
 000003B5		     1	C_LXOR:
				%else
				%endif                           
 000003B5  58			        POP     EAX      ; (S1) <- (S1) XOR (S2)
 000003B6  5B			        POP     EBX
 000003B7  33 C3		        XOR     EAX,EBX
 000003B9  50			        PUSH    EAX
 000003BA  AD			        LODSD                 ; NEXT
 000003BB  8B D8		        MOV     EBX,EAX                  
 000003BD  FF 23		        JMP      DWORD PTR[EBX]   
				;

				;  *********** 
				;  *   SP@   *
				;  *********** 
				;  
				%if 1
				        CODE_ENTRY SPFET, 80H+3, "SP", "@"+80H
 000003BF 83		     1	N_SPFET DB  80H+3
 000003C0  53 50	     1	        DB  "SP"
 000003C2  C0		     1	        DB  "@"+80H
 000003C3  000003A9 R	     1	        DD  Link
 000003C7 000003CB R	     1	SPFET   DD  C_SPFET
 000003CB		     1	C_SPFET:
				%else
				%endif                           
 000003CB  8B C4		        MOV     EAX,ESP   ; (S1) <- (SP)
 000003CD  50			        PUSH    EAX
 000003CE  AD			        LODSD                 ; NEXT
 000003CF  8B D8		        MOV     EBX,EAX                  
 000003D1  FF 23		        JMP      DWORD PTR[EBX]   
				;

				;  *********** 
				;  *   SP!   *
				;  *********** 
				;  
				%if 1
				        CODE_ENTRY SPSTO, 80H+3, "SP", "!"+80H
 000003D3 83		     1	N_SPSTO DB  80H+3
 000003D4  53 50	     1	        DB  "SP"
 000003D6  A1		     1	        DB  "!"+80H
 000003D7  000003BF R	     1	        DD  Link
 000003DB 000003DF R	     1	SPSTO   DD  C_SPSTO
 000003DF		     1	C_SPSTO:
				%else
				%endif                           
 000003DF  8B 1D 0000012E R	        MOV     EBX, DWORD PTR[USINI+(CW*1)]   ;USER VAR BASE ADDR
 000003E5  8B 63 0C		        MOV     ESP,[EBX+(CW*3)]        ;RESET PARAM STACK POINTER
 000003E8  AD			        LODSD                 ; NEXT
 000003E9  8B D8		        MOV     EBX,EAX                  
 000003EB  FF 23		        JMP      DWORD PTR[EBX]   
				;

				;  *********** 
				;  *   RP@   *
				;  *********** 
				;  
				%if 1
				        CODE_ENTRY RPFET, 80H+3, "RP", "@"+80H
 000003ED 83		     1	N_RPFET DB  80H+3
 000003EE  52 50	     1	        DB  "RP"
 000003F0  C0		     1	        DB  "@"+80H
 000003F1  000003D3 R	     1	        DD  Link
 000003F5 000003F9 R	     1	RPFET   DD  C_RPFET
 000003F9		     1	C_RPFET:
				%else
				%endif
				                           ;(S1) <- (RP)
 000003F9  8B C5		        MOV     EAX,EBP   ;RETURN STACK ADDR
 000003FB  50			        PUSH    EAX
 000003FC  AD			        LODSD                 ; NEXT
 000003FD  8B D8		        MOV     EBX,EAX                  
 000003FF  FF 23		        JMP      DWORD PTR[EBX]   
				;

				;  *********** 
				;  *   RP!   *
				;  *********** 
				;  
				%if 1
				        CODE_ENTRY RPSTO, 80H+3, "RP", "!"+80H
 00000401 83		     1	N_RPSTO DB  80H+3
 00000402  52 50	     1	        DB  "RP"
 00000404  A1		     1	        DB  "!"+80H
 00000405  000003ED R	     1	        DD  Link
 00000409 0000040D R	     1	RPSTO   DD  C_RPSTO
 0000040D		     1	C_RPSTO:
				%else
				%endif                           
 0000040D  8B 1D 0000012E R	        MOV     EBX, DWORD PTR[USINI+(CW*1)]   ;(AX) <- USR VAR BASE
 00000413  8B 6B 10		        MOV     EBP,[EBX+(CW*4)]        ;RESET RETURN STACK PTR
 00000416  AD			        LODSD                 ; NEXT
 00000417  8B D8		        MOV     EBX,EAX                  
 00000419  FF 23		        JMP      DWORD PTR[EBX]   
				;

				;  ********** 
				;  *   ;S   *
				;  ********** 
				;  
				%if 1
				        CODE_ENTRY SEMIS, 80H+2, ";", "S"+80H
 0000041B 82		     1	N_SEMIS DB  80H+2
 0000041C  3B		     1	        DB  ";"
 0000041D  D3		     1	        DB  "S"+80H
 0000041E  00000401 R	     1	        DD  Link
 00000422 00000426 R	     1	SEMIS   DD  C_SEMIS
 00000426		     1	C_SEMIS:
				%else
				%endif                           
 00000426  8B 75 00		        MOV     ESI,[EBP] ;(IP) <- (R1)
 00000429  8D 6D 04		        LEA     EBP,[EBP+(CW*1)]
 0000042C  AD			        LODSD                 ; NEXT
 0000042D  8B D8		        MOV     EBX,EAX                  
 0000042F  FF 23		        JMP      DWORD PTR[EBX]   
				;

				;  ************* 
				;  *   LEAVE   *
				;  ************* 
				;  
				%if 1
				        CODE_ENTRY LLEAV, 80H+5, "LEAV", "E"+80H
 00000431 85		     1	N_LLEAV DB  80H+5
 00000432  4C 45 41 56	     1	        DB  "LEAV"
 00000436  C5		     1	        DB  "E"+80H
 00000437  0000041B R	     1	        DD  Link
 0000043B 0000043F R	     1	LLEAV   DD  C_LLEAV
 0000043F		     1	C_LLEAV:
				%else
				%endif
				                           ;LIMIT <- INDEX
 0000043F  8B 45 00		        MOV     EAX,[EBP] ;GET INDEX
 00000442  89 45 04		        MOV     [EBP+(CW*1)],EAX        ;STORE IT AT LIMIT
 00000445  AD			        LODSD                 ; NEXT
 00000446  8B D8		        MOV     EBX,EAX                  
 00000448  FF 23		        JMP      DWORD PTR[EBX]   
				        ;
				;

				;  ********** 
				;  *   >R   *
				;  ********** 
				%if 1
				        CODE_ENTRY TOR, 80H+2, ">", "R"+80H
 0000044A 82		     1	N_TOR DB  80H+2
 0000044B  3E		     1	        DB  ">"
 0000044C  D2		     1	        DB  "R"+80H
 0000044D  00000431 R	     1	        DD  Link
 00000451 00000455 R	     1	TOR   DD  C_TOR
 00000455		     1	C_TOR:
				%else
				%endif
				                        ; (R1) <- (S1)
 00000455  5B			        POP     EBX      ;GET STACK PARAMETER
 00000456  8D 6D FC		        LEA     EBP,[EBP-(CW*1)]    ;MOVE RETURN STACK DOWN
 00000459  89 5D 00		        MOV     [EBP],EBX ;ADD TO RETURN STACK
 0000045C  AD			        LODSD                 ; NEXT
 0000045D  8B D8		        MOV     EBX,EAX                  
 0000045F  FF 23		        JMP      DWORD PTR[EBX]   
				;

				;  ********** 
				;  *   R>   *
				;  ********** 
				;  
				%if 1
				        CODE_ENTRY FROMR, 80H+2, "R", ">"+80H
 00000461 82		     1	N_FROMR DB  80H+2
 00000462  52		     1	        DB  "R"
 00000463  BE		     1	        DB  ">"+80H
 00000464  0000044A R	     1	        DD  Link
 00000468 0000046C R	     1	FROMR   DD  C_FROMR
 0000046C		     1	C_FROMR:
				%else
				%endif
				                          ;(S1) <- (R1)
 0000046C  8B 45 00		        MOV     EAX,[EBP] ; GET RETURN STACK VALUE
 0000046F  8D 6D 04		        LEA     EBP,[EBP+(CW*1)]
 00000472  50			        PUSH    EAX
 00000473  AD			        LODSD                 ; NEXT
 00000474  8B D8		        MOV     EBX,EAX                  
 00000476  FF 23		        JMP      DWORD PTR[EBX]   
				;

				;  ********* 
				;  *   R   *
				;  ********* 
				;  TODO: Is this OK or do I need to copy code?

				%if 1
				        ENTRY_1 RR, 80H+1, "R"+80H, IDO+(CW*1)
 00000478 81		     1	N_RR DB  80H+1
 00000479  D2		     1	        DB  "R"+80H
 0000047A  00000461 R	     1	        DD  Link
 0000047E 000000E9 R	     1	RR   DD  IDO+(CW*1)
				%else
				%endif                           
				;

				;  ********** 
				;  *   0=   *
				;  ********** 
				;  
				%if 1
				        CODE_ENTRY ZEQU, 80H+2, "0", "="+80H
 00000482 82		     1	N_ZEQU DB  80H+2
 00000483  30		     1	        DB  "0"
 00000484  BD		     1	        DB  "="+80H
 00000485  00000478 R	     1	        DD  Link
 00000489 0000048D R	     1	ZEQU   DD  C_ZEQU
 0000048D		     1	C_ZEQU:
				%else
				%endif                           
 0000048D  58			        POP     EAX
 0000048E  0B C0		        OR      EAX,EAX   ;DO TEST
 00000490  B8 00000001		        MOV     EAX,1    ;TRUE
 00000495  74 01		        JZ      ZEQU1   ;IT'S 0
 00000497  48			        DEC     EAX      ;FALSE
 00000498  50			ZEQU1:  PUSH    EAX
 00000499  AD			        LODSD                 ; NEXT
 0000049A  8B D8		        MOV     EBX,EAX                  
 0000049C  FF 23		        JMP      DWORD PTR[EBX]   
				;

				;  ********** 
				;  *   0<   *
				;  ********** 
				;  
				%if 1
				        CODE_ENTRY ZLESS, 80H+2, "0", "<"+80H
 0000049E 82		     1	N_ZLESS DB  80H+2
 0000049F  30		     1	        DB  "0"
 000004A0  BC		     1	        DB  "<"+80H
 000004A1  00000482 R	     1	        DD  Link
 000004A5 000004A9 R	     1	ZLESS   DD  C_ZLESS
 000004A9		     1	C_ZLESS:
				%else
				%endif                           
 000004A9  58			        POP     EAX
 000004AA  0B C0		        OR      EAX,EAX   ;SET FLAGS
 000004AC  B8 00000001		        MOV     EAX,1    ;TRUE
 000004B1  78 01		        JS      ZLESS1
 000004B3  48			        DEC     EAX      ;FALSE
 000004B4  50			ZLESS1: PUSH    EAX
 000004B5  AD			        LODSD                 ; NEXT
 000004B6  8B D8		        MOV     EBX,EAX                  
 000004B8  FF 23		        JMP      DWORD PTR[EBX]   
				;

				;  ********* 
				;  *   +   *
				;  ********* 
				;  
				%if 1
				        CODE_ENTRY_1 PLUS, 80H+1, "+"+80H
 000004BA 81		     1	N_PLUS DB  80H+1
 000004BB  AB		     1	        DB  "+"+80H
 000004BC  0000049E R	     1	        DD  Link
 000004C0 000004C4 R	     1	PLUS   DD  C_PLUS
 000004C4		     1	C_PLUS:
				%else
				%endif                           
 000004C4  58			        POP     EAX      ;(S1) <- (S1) + (S2)
 000004C5  5B			        POP     EBX
 000004C6  03 C3		        ADD     EAX,EBX
 000004C8  50			        PUSH    EAX
 000004C9  AD			        LODSD                 ; NEXT
 000004CA  8B D8		        MOV     EBX,EAX                  
 000004CC  FF 23		        JMP      DWORD PTR[EBX]   
				;

				;  ********** 
				;  *   D+   *
				;  ********** 
				;  
				%if 1
				        CODE_ENTRY DPLUS, 80H+2, "D", "+"+80H
 000004CE 82		     1	N_DPLUS DB  80H+2
 000004CF  44		     1	        DB  "D"
 000004D0  AB		     1	        DB  "+"+80H
 000004D1  000004BA R	     1	        DD  Link
 000004D5 000004D9 R	     1	DPLUS   DD  C_DPLUS
 000004D9		     1	C_DPLUS:
				%else
				%endif                           
 000004D9  58			        POP     EAX      ; YHW
 000004DA  5A			        POP     EDX      ; YLW
 000004DB  5B			        POP     EBX      ; XHW
 000004DC  59			        POP     ECX      ; XLW
 000004DD  03 D1		        ADD     EDX,ECX   ; SLW
 000004DF  13 C3		        ADC     EAX,EBX   ; SHW
 000004E1  52			        PUSH    EDX
 000004E2  50			        PUSH    EAX
 000004E3  AD			        LODSD                 ; NEXT
 000004E4  8B D8		        MOV     EBX,EAX                  
 000004E6  FF 23		        JMP      DWORD PTR[EBX]   
				;

				;  ************* 
				;  *   MINUS   *
				;  ************* 
				;  TODO: Why is this spelling "MINUS" out?
				%if 1
				        CODE_ENTRY MINUS, 80H+5, "MINU", "S"+80H
 000004E8 85		     1	N_MINUS DB  80H+5
 000004E9  4D 49 4E 55	     1	        DB  "MINU"
 000004ED  D3		     1	        DB  "S"+80H
 000004EE  000004CE R	     1	        DD  Link
 000004F2 000004F6 R	     1	MINUS   DD  C_MINUS
 000004F6		     1	C_MINUS:
				%else
				%endif                           
 000004F6  58			        POP     EAX
 000004F7  F7 D8		        NEG     EAX
 000004F9  50			        PUSH    EAX
 000004FA  AD			        LODSD                 ; NEXT
 000004FB  8B D8		        MOV     EBX,EAX                  
 000004FD  FF 23		        JMP      DWORD PTR[EBX]   
				;

				;  ************** 
				;  *   DMINUS   *
				;  ************** 
				;  
				%if 1
				        CODE_ENTRY DMINU, 80H+6, "DMINU", "S"+80H
 000004FF 86		     1	N_DMINU DB  80H+6
 00000500  44 4D 49 4E 55    1	        DB  "DMINU"
 00000505  D3		     1	        DB  "S"+80H
 00000506  000004E8 R	     1	        DD  Link
 0000050A 0000050E R	     1	DMINU   DD  C_DMINU
 0000050E		     1	C_DMINU:
				%else
				%endif                           
 0000050E  5B			        POP     EBX
 0000050F  59			        POP     ECX
 00000510  2B C0		        SUB     EAX,EAX
 00000512  8B D0		        MOV     EDX,EAX
 00000514  2B D1		        SUB     EDX,ECX   ; MAKE 2'S COMPLEMENT
 00000516  1B C3		        SBB     EAX,EBX   ; HIGH CELL
 00000518  52			        PUSH    EDX
 00000519  50			        PUSH    EAX
 0000051A  AD			        LODSD                 ; NEXT
 0000051B  8B D8		        MOV     EBX,EAX                  
 0000051D  FF 23		        JMP      DWORD PTR[EBX]   
				        ;
				;

				;  ************ 
				;  *   OVER   *
				;  ************ 
				;  
				%if 1
				        CODE_ENTRY    OVER, 80H+4, "OVE", "R"+80H
 0000051F 84		     1	N_OVER DB  80H+4
 00000520  4F 56 45	     1	        DB  "OVE"
 00000523  D2		     1	        DB  "R"+80H
 00000524  000004FF R	     1	        DD  Link
 00000528 0000052C R	     1	OVER   DD  C_OVER
 0000052C		     1	C_OVER:
				%else
				%endif

 0000052C  5A			        POP     EDX
 0000052D  58			        POP     EAX
 0000052E  50			        PUSH    EAX
 0000052F  52			        PUSH    EDX
 00000530  50			        PUSH    EAX
 00000531  AD			        LODSD                 ; NEXT
 00000532  8B D8		        MOV     EBX,EAX                  
 00000534  FF 23		        JMP      DWORD PTR[EBX]   
				;

				;  ************ 
				;  *   DROP   *
				;  ************ 
				;  
				%if 1
				        CODE_ENTRY    DROP, 80H+4, "DRO", "P"+80H
 00000536 84		     1	N_DROP DB  80H+4
 00000537  44 52 4F	     1	        DB  "DRO"
 0000053A  D0		     1	        DB  "P"+80H
 0000053B  0000051F R	     1	        DD  Link
 0000053F 00000543 R	     1	DROP   DD  C_DROP
 00000543		     1	C_DROP:
				%else
				%endif                           
 00000543  58			        POP     EAX
 00000544  AD			        LODSD                 ; NEXT
 00000545  8B D8		        MOV     EBX,EAX                  
 00000547  FF 23		        JMP      DWORD PTR[EBX]   
				;

				;  ************ 
				;  *   SWAP   *
				;  ************ 
				;  
				%if 1
				        CODE_ENTRY    SWAP, 80H+4, "SWA", "P"+80H
 00000549 84		     1	N_SWAP DB  80H+4
 0000054A  53 57 41	     1	        DB  "SWA"
 0000054D  D0		     1	        DB  "P"+80H
 0000054E  00000536 R	     1	        DD  Link
 00000552 00000556 R	     1	SWAP   DD  C_SWAP
 00000556		     1	C_SWAP:
				%else
				%endif                           
 00000556  5A			        POP     EDX
 00000557  58			        POP     EAX
 00000558  52			        PUSH    EDX
 00000559  50			        PUSH    EAX
 0000055A  AD			        LODSD                 ; NEXT
 0000055B  8B D8		        MOV     EBX,EAX                  
 0000055D  FF 23		        JMP      DWORD PTR[EBX]   
				;

				;  *********** 
				;  *   DUP   *
				;  *********** 
				;  
				%if 1
				        CODE_ENTRY    LDUP, 80H+3, "DU", "P"+80H
 0000055F 83		     1	N_LDUP DB  80H+3
 00000560  44 55	     1	        DB  "DU"
 00000562  D0		     1	        DB  "P"+80H
 00000563  00000549 R	     1	        DD  Link
 00000567 0000056B R	     1	LDUP   DD  C_LDUP
 0000056B		     1	C_LDUP:
				%else
				%endif                           
 0000056B  58			        POP     EAX
 0000056C  50			        PUSH    EAX
 0000056D  50			        PUSH    EAX
 0000056E  AD			        LODSD                 ; NEXT
 0000056F  8B D8		        MOV     EBX,EAX                  
 00000571  FF 23		        JMP      DWORD PTR[EBX]   
				;

				;  ************ 
				;  *   2DUP   *
				;  ************ 
				;  
				%if 1
				        CODE_ENTRY    TDUP, 80H+4, "2DU", "P"+80H
 00000573 84		     1	N_TDUP DB  80H+4
 00000574  32 44 55	     1	        DB  "2DU"
 00000577  D0		     1	        DB  "P"+80H
 00000578  0000055F R	     1	        DD  Link
 0000057C 00000580 R	     1	TDUP   DD  C_TDUP
 00000580		     1	C_TDUP:
				%else
				%endif                           
 00000580  58			        POP     EAX
 00000581  5A			        POP     EDX
 00000582  52			        PUSH    EDX
 00000583  50			        PUSH    EAX
 00000584  52			        PUSH    EDX
 00000585  50			        PUSH    EAX
 00000586  AD			        LODSD                 ; NEXT
 00000587  8B D8		        MOV     EBX,EAX                  
 00000589  FF 23		        JMP      DWORD PTR[EBX]   
				;

				;  ********** 
				;  *   +!   *
				;  ********** 
				;  
				%if 1
				        CODE_ENTRY    PSTOR, 80H+2, "+", "!"+80H
 0000058B 82		     1	N_PSTOR DB  80H+2
 0000058C  2B		     1	        DB  "+"
 0000058D  A1		     1	        DB  "!"+80H
 0000058E  00000573 R	     1	        DD  Link
 00000592 00000596 R	     1	PSTOR   DD  C_PSTOR
 00000596		     1	C_PSTOR:
				%else
				%endif                           
 00000596  5B			        POP     EBX      ;ADDRESS
 00000597  58			        POP     EAX      ;INCREMENT
 00000598  01 03		        ADD     [EBX],EAX
 0000059A  AD			        LODSD                 ; NEXT
 0000059B  8B D8		        MOV     EBX,EAX                  
 0000059D  FF 23		        JMP      DWORD PTR[EBX]   
				;

				;  ************** 
				;  *   TOGGLE   *
				;  ************** 
				;  
				%if 1
				        CODE_ENTRY    TOGGL, 80H+6, "TOGGL", "E"+80H
 0000059F 86		     1	N_TOGGL DB  80H+6
 000005A0  54 4F 47 47 4C    1	        DB  "TOGGL"
 000005A5  C5		     1	        DB  "E"+80H
 000005A6  0000058B R	     1	        DD  Link
 000005AA 000005AE R	     1	TOGGL   DD  C_TOGGL
 000005AE		     1	C_TOGGL:
				%else
				%endif                           
 000005AE  58			        POP     EAX      ;BIT PATTERN
 000005AF  5B			        POP     EBX      ;ADDR
 000005B0  31 03		        XOR     [EBX],EAX ;
 000005B2  AD			        LODSD                 ; NEXT
 000005B3  8B D8		        MOV     EBX,EAX                  
 000005B5  FF 23		        JMP      DWORD PTR[EBX]   
				;

				;  ********* 
				;  *   @   *
				;  ********* 
				;  
				%if 1
				        CODE_ENTRY_1    FETCH, 80H+1, "@"+80H
 000005B7 81		     1	N_FETCH DB  80H+1
 000005B8  C0		     1	        DB  "@"+80H
 000005B9  0000059F R	     1	        DD  Link
 000005BD 000005C1 R	     1	FETCH   DD  C_FETCH
 000005C1		     1	C_FETCH:
				%else
				%endif                           
 000005C1  5B			        POP     EBX
 000005C2  8B 03		        MOV     EAX,[EBX]
 000005C4  50			        PUSH    EAX
 000005C5  AD			        LODSD                 ; NEXT
 000005C6  8B D8		        MOV     EBX,EAX                  
 000005C8  FF 23		        JMP      DWORD PTR[EBX]   
				;

				;  ********** 
				;  *   C@   *
				;  ********** 
				;  
				%if 1
				        CODE_ENTRY    CFET, 80H+2, "C", "@"+80H
 000005CA 82		     1	N_CFET DB  80H+2
 000005CB  43		     1	        DB  "C"
 000005CC  C0		     1	        DB  "@"+80H
 000005CD  000005B7 R	     1	        DD  Link
 000005D1 000005D5 R	     1	CFET   DD  C_CFET
 000005D5		     1	C_CFET:
				%else
				%endif                           
 000005D5  5B			        POP     EBX
 000005D6  33 C0		        XOR     EAX,EAX
 000005D8  8A 03		        MOV     AL,[EBX]
 000005DA  50			        PUSH    EAX
 000005DB  AD			        LODSD                 ; NEXT
 000005DC  8B D8		        MOV     EBX,EAX                  
 000005DE  FF 23		        JMP      DWORD PTR[EBX]   
				;

				;  ********** 
				;  *   2@   *
				;  ********** 
				;  
				%if 1
				        CODE_ENTRY    TFET, 80H+2, "2", "@"+80H
 000005E0 82		     1	N_TFET DB  80H+2
 000005E1  32		     1	        DB  "2"
 000005E2  C0		     1	        DB  "@"+80H
 000005E3  000005CA R	     1	        DD  Link
 000005E7 000005EB R	     1	TFET   DD  C_TFET
 000005EB		     1	C_TFET:
				%else
				%endif                           
 000005EB  5B			        POP     EBX      ;ADDR
 000005EC  8B 03		        MOV     EAX,[EBX] ;MSW
 000005EE  8B 53 04		        MOV     EDX,[EBX+(CW*1)]        ;LSW
 000005F1  52			        PUSH    EDX
 000005F2  50			        PUSH    EAX
 000005F3  AD			        LODSD                 ; NEXT
 000005F4  8B D8		        MOV     EBX,EAX                  
 000005F6  FF 23		        JMP      DWORD PTR[EBX]   
				;

				;  ********* 
				;  *   !   *
				;  ********* 
				;  
				%if 1
				        CODE_ENTRY_1    STORE, 80H+1, "!"+80H
 000005F8 81		     1	N_STORE DB  80H+1
 000005F9  A1		     1	        DB  "!"+80H
 000005FA  000005E0 R	     1	        DD  Link
 000005FE 00000602 R	     1	STORE   DD  C_STORE
 00000602		     1	C_STORE:
				%else
				%endif                           
 00000602  5B			        POP     EBX      ;ADDR
 00000603  58			        POP     EAX      ;DATA
 00000604  89 03		        MOV     [EBX],EAX
 00000606  AD			        LODSD                 ; NEXT
 00000607  8B D8		        MOV     EBX,EAX                  
 00000609  FF 23		        JMP      DWORD PTR[EBX]   
				;

				;  ********** 
				;  *   C!   *
				;  ********** 
				;  
				%if 1
				        CODE_ENTRY    CSTOR, 80H+2, "C", "!"+80H
 0000060B 82		     1	N_CSTOR DB  80H+2
 0000060C  43		     1	        DB  "C"
 0000060D  A1		     1	        DB  "!"+80H
 0000060E  000005F8 R	     1	        DD  Link
 00000612 00000616 R	     1	CSTOR   DD  C_CSTOR
 00000616		     1	C_CSTOR:
				%else
				%endif                           
 00000616  5B			        POP     EBX      ;ADDR
 00000617  58			        POP     EAX      ;DATA
 00000618  88 03		        MOV     [EBX],AL
 0000061A  AD			        LODSD                 ; NEXT
 0000061B  8B D8		        MOV     EBX,EAX                  
 0000061D  FF 23		        JMP      DWORD PTR[EBX]   
				;

				;  ********** 
				;  *   2!   *
				;  ********** 
				;  
				%if 1
				        CODE_ENTRY    TSTOR, 80H+2, "2", "!"+80H
 0000061F 82		     1	N_TSTOR DB  80H+2
 00000620  32		     1	        DB  "2"
 00000621  A1		     1	        DB  "!"+80H
 00000622  0000060B R	     1	        DD  Link
 00000626 0000062A R	     1	TSTOR   DD  C_TSTOR
 0000062A		     1	C_TSTOR:
				%else
				%endif                           
 0000062A  5B			        POP     EBX      ;ADDR
 0000062B  58			        POP     EAX      ;MSW
 0000062C  89 03		        MOV     [EBX],EAX
 0000062E  58			        POP     EAX      ;LSW
 0000062F  89 43 04		        MOV     [EBX+(CW*1)],EAX
 00000632  AD			        LODSD                 ; NEXT
 00000633  8B D8		        MOV     EBX,EAX                  
 00000635  FF 23		        JMP      DWORD PTR[EBX]   
				;
				;  ********** 
				;  *   L@   *
				;  ********** 
				;  
				%if 1
				        CODE_ENTRY    LFET, 80H+2, "L", "@"+80H
 00000637 82		     1	N_LFET DB  80H+2
 00000638  4C		     1	        DB  "L"
 00000639  C0		     1	        DB  "@"+80H
 0000063A  0000061F R	     1	        DD  Link
 0000063E 00000642 R	     1	LFET   DD  C_LFET
 00000642		     1	C_LFET:
				%else
				%endif                           
 00000642  5B			        POP     EBX      ;MEM LOC
 00000643  58			        POP     EAX      ;SEG REG VAL
 00000644  BA 00000010		        MOV     EDX,10H
 00000649  F7 E2		        MUL     EDX
 0000064B  03 C3		        ADD     EAX,EBX
 0000064D  8B 00		        MOV     EAX,[EAX]
 0000064F  50			        PUSH    EAX
 00000650  AD			        LODSD                 ; NEXT
 00000651  8B D8		        MOV     EBX,EAX                  
 00000653  FF 23		        JMP      DWORD PTR[EBX]   
				;
				;
				;
				;  ********** 
				;  *   L!   *
				;  ********** 
				;  
				%if 1
				        CODE_ENTRY    LSTORE, 80H+2, "L", "!"+80H
 00000655 82		     1	N_LSTORE DB  80H+2
 00000656  4C		     1	        DB  "L"
 00000657  A1		     1	        DB  "!"+80H
 00000658  00000637 R	     1	        DD  Link
 0000065C 00000660 R	     1	LSTORE   DD  C_LSTORE
 00000660		     1	C_LSTORE:
				%else
				%endif
 00000660  5B			        POP     EBX      ;MEM LOC
 00000661  58			        POP     EAX      ;SEG REG VAL
 00000662  BA 00000010		        MOV     EDX,10H
 00000667  F7 E2		        MUL     EDX
 00000669  03 C3		        ADD     EAX,EBX
 0000066B  5B			        POP     EBX
 0000066C  89 18		        MOV     [EAX],EBX
 0000066E  AD			        LODSD                 ; NEXT
 0000066F  8B D8		        MOV     EBX,EAX                  
 00000671  FF 23		        JMP      DWORD PTR[EBX]   
				;
				;
				;

				;  ********* 
				;  *   :   *
				;  ********* 
				;  
				%if 1
				        ENTRY_1    COLON, 80H+1+40H, ":"+80H, DOCOL
 00000673 C1		     1	N_COLON DB  80H+1+40H
 00000674  BA		     1	        DB  ":"+80H
 00000675  00000655 R	     1	        DD  Link
 00000679 000006A1 R	     1	COLON   DD  DOCOL
				%else
				%endif                           
 0000067D  00000CB4 R		        DD      QEXEC
 00000681  00000C3D R		        DD      SCSP
 00000685  000008FA R		        DD      CURR
 00000689  000005BD R		        DD      FETCH
 0000068D  000008E6 R		        DD      CONT
 00000691  000005FE R		        DD      STORE
 00000695  0000140B R		        DD      CREAT
 00000699  00000D9D R		        DD      RBRAC
 0000069D  00000E28 R		        DD      PSCOD
 000006A1  8D 6D FC		DOCOL:  LEA     EBP,[EBP-(CW*1)]
 000006A4  89 75 00		        MOV     [EBP],ESI ;R1 <- (IP)
 000006A7  8D 73 04		        LEA     ESI,[EBX+(CW*1)]  ;(IP) <- (PFA)
				;        CALL    DISPLAYSI
				;
 000006AA  AD			        LODSD                 ; NEXT
 000006AB  8B D8		        MOV     EBX,EAX                  
 000006AD  FF 23		        JMP      DWORD PTR[EBX]   
				;

				;  ********* 
				;  *   ;   *
				;  ********* 
				;  
				%if 1
				        ENTRY_1    SEMI, 80H+1+40H, ";"+80H, DOCOL
 000006AF C1		     1	N_SEMI DB  80H+1+40H
 000006B0  BB		     1	        DB  ";"+80H
 000006B1  00000673 R	     1	        DD  Link
 000006B5 000006A1 R	     1	SEMI   DD  DOCOL
				%else
				%endif                           
 000006B9  00000CFC R		        DD      QCSP
 000006BD  00000D59 R		        DD      COMP
 000006C1  00000422 R		        DD      SEMIS
 000006C5  00000DC0 R		        DD      SMUDG
 000006C9  00000D83 R		        DD      LBRAC
 000006CD  00000422 R		        DD      SEMIS
				;

				;  **************** 
				;  *   CONSTANT   *
				;  **************** 
				;  
				%if 1
				        ENTRY    CON, 80H+8, "CONSTAN", "T"+80H, DOCOL
 000006D1 88		     1	N_CON DB  80H+8
 000006D2  43 4F 4E 53 54    1	        DB  "CONSTAN"
	   41 4E
 000006D9  D4		     1	        DB  "T"+80H
 000006DA  000006AF R	     1	        DD  Link
 000006DE 000006A1 R	     1	CON   DD  DOCOL
				%else
				%endif                           
 000006E2  0000140B R		        DD      CREAT
 000006E6  00000DC0 R		        DD      SMUDG
 000006EA  00000A1C R		        DD      COMMA
 000006EE  00000E28 R		        DD      PSCOD
 000006F2  8B 43 04		DOCON:  MOV     EAX,[EBX+(CW*1)] ;GET DATA FROM PFA
 000006F5  50			        PUSH    EAX
 000006F6  AD			        LODSD                 ; NEXT
 000006F7  8B D8		        MOV     EBX,EAX                  
 000006F9  FF 23		        JMP      DWORD PTR[EBX]   
				;

				;  **************** 
				;  *   VARIABLE   *
				;  **************** 
				;  
				%if 1
				        ENTRY    VAR, 80H+8, "VARIABL", "E"+80H, DOCOL
 000006FB 88		     1	N_VAR DB  80H+8
 000006FC  56 41 52 49 41    1	        DB  "VARIABL"
	   42 4C
 00000703  C5		     1	        DB  "E"+80H
 00000704  000006D1 R	     1	        DD  Link
 00000708 000006A1 R	     1	VAR   DD  DOCOL
				%else
				%endif                           
 0000070C  000006DE R		        DD      CON
 00000710  00000E28 R		        DD      PSCOD
 00000714  8D 43 04		DOVAR:  LEA     EAX,[EBX+(CW*1)] ;(AX) <- PFA
 00000717  50			        PUSH    EAX
 00000718  AD			        LODSD                 ; NEXT
 00000719  8B D8		        MOV     EBX,EAX                  
 0000071B  FF 23		        JMP      DWORD PTR[EBX]   
				;

				;  ************ 
				;  *   USER   *
				;  ************ 
				;  
				%if 1
				        ENTRY    USER, 80H+4, "USE", "R"+80H, DOCOL
 0000071D 84		     1	N_USER DB  80H+4
 0000071E  55 53 45	     1	        DB  "USE"
 00000721  D2		     1	        DB  "R"+80H
 00000722  000006FB R	     1	        DD  Link
 00000726 000006A1 R	     1	USER   DD  DOCOL
				%else
				%endif                           
 0000072A  000006DE R		        DD      CON
 0000072E  00000E28 R		        DD      PSCOD
 00000732  8B 5B 04		DOUSE:  MOV     EBX,[EBX+(CW*1)] ;PFA  
 00000735  8B 3D 0000012E R	        MOV     EDI, DWORD PTR[USINI+(CW*1)]   ;USER VAR ADDRESS
 0000073B  8D 04 3B		        LEA     EAX,[EBX+EDI]      ;ADDR OF VARIABLE
 0000073E  50			        PUSH    EAX
 0000073F  AD			        LODSD                 ; NEXT
 00000740  8B D8		        MOV     EBX,EAX                  
 00000742  FF 23		        JMP      DWORD PTR[EBX]   
				;

				;  ********* 
				;  *   0   *
				;  ********* 
				;  
				%if 1
				        CODE_ENTRY_1    ZERO, 80H+1, "0"+80H
 00000744 81		     1	N_ZERO DB  80H+1
 00000745  B0		     1	        DB  "0"+80H
 00000746  0000071D R	     1	        DD  Link
 0000074A 0000074E R	     1	ZERO   DD  C_ZERO
 0000074E		     1	C_ZERO:
				%else
				%endif                           
 0000074E  33 C0		        XOR     EAX,EAX
 00000750  50			        PUSH    EAX
 00000751  AD			        LODSD                 ; NEXT
 00000752  8B D8		        MOV     EBX,EAX                  
 00000754  FF 23		        JMP      DWORD PTR[EBX]   
				;

				;  ********* 
				;  *   1   *
				;  ********* 
				;  
				%if 1
				        CODE_ENTRY_1    ONE, 80H+1, "1"+80H
 00000756 81		     1	N_ONE DB  80H+1
 00000757  B1		     1	        DB  "1"+80H
 00000758  00000744 R	     1	        DD  Link
 0000075C 00000760 R	     1	ONE   DD  C_ONE
 00000760		     1	C_ONE:
				%else
				%endif                           
 00000760  B8 00000001		        MOV     EAX,1
 00000765  50			        PUSH    EAX
 00000766  AD			        LODSD                 ; NEXT
 00000767  8B D8		        MOV     EBX,EAX                  
 00000769  FF 23		        JMP      DWORD PTR[EBX]   
				;

				;  ********* 
				;  *   2   *
				;  ********* 
				;  
				%if 1
				        CODE_ENTRY_1    TWO, 80H+1, "2"+80H
 0000076B 81		     1	N_TWO DB  80H+1
 0000076C  B2		     1	        DB  "2"+80H
 0000076D  00000756 R	     1	        DD  Link
 00000771 00000775 R	     1	TWO   DD  C_TWO
 00000775		     1	C_TWO:
				%else
				%endif                           
 00000775  B8 00000002		        MOV     EAX,2
 0000077A  50			        PUSH    EAX
 0000077B  AD			        LODSD                 ; NEXT
 0000077C  8B D8		        MOV     EBX,EAX                  
 0000077E  FF 23		        JMP      DWORD PTR[EBX]   
				;

				;  ********* 
				;  *   3   *
				;  ********* 
				;  
				%if 1
				        CODE_ENTRY_1    THREE, 80H+1, "3"+80H
 00000780 81		     1	N_THREE DB  80H+1
 00000781  B3		     1	        DB  "3"+80H
 00000782  0000076B R	     1	        DD  Link
 00000786 0000078A R	     1	THREE   DD  C_THREE
 0000078A		     1	C_THREE:
				%else
				%endif                           
 0000078A  B8 00000003		        MOV     EAX,3
 0000078F  50			        PUSH    EAX
 00000790  AD			        LODSD                 ; NEXT
 00000791  8B D8		        MOV     EBX,EAX                  
 00000793  FF 23		        JMP      DWORD PTR[EBX]   
				;
				 ;  ********** 
				;  *   BL   *
				;  ********** 
				;  
				%if 1
				        ENTRY    BLS, 80H+2, "B", "L"+80H, DOCON
 00000795 82		     1	N_BLS DB  80H+2
 00000796  42		     1	        DB  "B"
 00000797  CC		     1	        DB  "L"+80H
 00000798  00000780 R	     1	        DD  Link
 0000079C 000006F2 R	     1	BLS   DD  DOCON
				%else
				%endif                           
				; THIS IS ONLY A SPACE CHAR
 000007A0  00000020		    DD 20H
				;

				;  *********** 
				;  *   C/L   *
				;  *********** 
				;  
				%if 1
				        ENTRY    CSLL, 80H+3, "C/", "L"+80H, DOCON
 000007A4 83		     1	N_CSLL DB  80H+3
 000007A5  43 2F	     1	        DB  "C/"
 000007A7  CC		     1	        DB  "L"+80H
 000007A8  00000795 R	     1	        DD  Link
 000007AC 000006F2 R	     1	CSLL   DD  DOCON
				%else
				%endif                           
 000007B0  00000040		        DD      64
				;


				;  ************* 
				;  *   FIRST   *
				;  ************* 
				;  
				%if 1
				        ENTRY    FIRST, 80H+5, "FIRS", "T"+80H, DOCON
 000007B4 85		     1	N_FIRST DB  80H+5
 000007B5  46 49 52 53	     1	        DB  "FIRS"
 000007B9  D4		     1	        DB  "T"+80H
 000007BA  000007A4 R	     1	        DD  Link
 000007BE 000006F2 R	     1	FIRST   DD  DOCON
				%else
				%endif                           
 000007C2  000FF7F0 R		        DD      BUF1
				 ;
				;
				;
				;

				;  ************* 
				;  *   LIMIT   *
				;  ************* 
				;  
				%if 1
				        ENTRY    LIMIT, 80H+5, "LIMI", "T"+80H, DOCON
 000007C6 85		     1	N_LIMIT DB  80H+5
 000007C7  4C 49 4D 49	     1	        DB  "LIMI"
 000007CB  D4		     1	        DB  "T"+80H
 000007CC  000007B4 R	     1	        DD  Link
 000007D0 000006F2 R	     1	LIMIT   DD  DOCON
				%else
				%endif                           
 000007D4  00100000 R		        DD      BUF1+(KBBUF+2*CW)*NBUF
				; THE END  OF THE MEMORY 

				;  ********** 
				;  *   EM   *
				;  ********** 
				;  
				%if 1
				        ENTRY    LEM, 80H+2, "E", "M"+80H, DOCON
 000007D8 82		     1	N_LEM DB  80H+2
 000007D9  45		     1	        DB  "E"
 000007DA  CD		     1	        DB  "M"+80H
 000007DB  000007C6 R	     1	        DD  Link
 000007DF 000006F2 R	     1	LEM   DD  DOCON
				%else
				%endif                           
 000007E3  00100000 R		        DD      EM
				;

				;  ************* 
				;  *   B/BUF   *
				;  ************* 
				;  
				%if 1
				        ENTRY    BBUF, 80H+5, "B/BU", "F"+80H, DOCON
 000007E7 85		     1	N_BBUF DB  80H+5
 000007E8  42 2F 42 55	     1	        DB  "B/BU"
 000007EC  C6		     1	        DB  "F"+80H
 000007ED  000007D8 R	     1	        DD  Link
 000007F1 000006F2 R	     1	BBUF   DD  DOCON
				%else
				%endif                           
 000007F5  00000400		        DD      KBBUF
				;

				;  ************* 
				;  *   B/SCR   *
				;  ************* 
				;  
				%if 1
				        ENTRY    BSCR, 80H+5, "B/SC", "R"+80H, DOCON
 000007F9 85		     1	N_BSCR DB  80H+5
 000007FA  42 2F 53 43	     1	        DB  "B/SC"
 000007FE  D2		     1	        DB  "R"+80H
 000007FF  000007E7 R	     1	        DD  Link
 00000803 000006F2 R	     1	BSCR   DD  DOCON
				%else
				%endif                           
 00000807  00000001		        DD      400H/KBBUF
				;
				        ;
				;
				; All user variables are initialised 
				; with the values from USINI.
				; The implementation relies on the initialisation of 
				; those with numbers (1..11), so change in concord with USINI.

				;  ********** 
				;  *   U0   *
				;  ********** 
				;  
				%if 1
				        ENTRY    UZERO, 80H+2, "U", "0"+80H, DOUSE
 0000080B 82		     1	N_UZERO DB  80H+2
 0000080C  55		     1	        DB  "U"
 0000080D  B0		     1	        DB  "0"+80H
 0000080E  000007F9 R	     1	        DD  Link
 00000812 00000732 R	     1	UZERO   DD  DOUSE
				%else
				%endif                           
 00000816  00000004		        DD      (CW*1)
				;

				;  ************** 
				;  *   RUBOUT   *
				;  ************** 
				;  
				%if 1
				        ENTRY    RUBOUT, 80H+6, "RUBOU", "T"+80H, DOUSE
 0000081A 86		     1	N_RUBOUT DB  80H+6
 0000081B  52 55 42 4F 55    1	        DB  "RUBOU"
 00000820  D4		     1	        DB  "T"+80H
 00000821  0000080B R	     1	        DD  Link
 00000825 00000732 R	     1	RUBOUT   DD  DOUSE
				%else
				%endif                           
 00000829  00000008		        DD      (CW*2)
				;

				;  ********** 
				;  *   S0   *
				;  ********** 
				;  
				%if 1
				        ENTRY    SZERO, 80H+2, "S", "0"+80H, DOUSE
 0000082D 82		     1	N_SZERO DB  80H+2
 0000082E  53		     1	        DB  "S"
 0000082F  B0		     1	        DB  "0"+80H
 00000830  0000081A R	     1	        DD  Link
 00000834 00000732 R	     1	SZERO   DD  DOUSE
				%else
				%endif                           
 00000838  0000000C		        DD      (CW*3)
				;

				;  ********** 
				;  *   R0   *
				;  ********** 
				;  
				%if 1
				        ENTRY    RZERO, 80H+2, "R", "0"+80H, DOUSE
 0000083C 82		     1	N_RZERO DB  80H+2
 0000083D  52		     1	        DB  "R"
 0000083E  B0		     1	        DB  "0"+80H
 0000083F  0000082D R	     1	        DD  Link
 00000843 00000732 R	     1	RZERO   DD  DOUSE
				%else
				%endif                           
 00000847  00000010		        DD      (CW*4)
				;

				;  *********** 
				;  *   TIB   *
				;  *********** 
				;  
				%if 1
				        ENTRY    TIB, 80H+3, "TI", "B"+80H, DOUSE
 0000084B 83		     1	N_TIB DB  80H+3
 0000084C  54 49	     1	        DB  "TI"
 0000084E  C2		     1	        DB  "B"+80H
 0000084F  0000083C R	     1	        DD  Link
 00000853 00000732 R	     1	TIB   DD  DOUSE
				%else
				%endif                           
 00000857  00000014		        DD      (CW*5)
				;

				;  ************* 
				;  *   WIDTH   *
				;  ************* 
				;  
				%if 1
				        ENTRY    WIDTHE, 80H+5, "WIDT", "H"+80H, DOUSE
 0000085B 85		     1	N_WIDTHE DB  80H+5
 0000085C  57 49 44 54	     1	        DB  "WIDT"
 00000860  C8		     1	        DB  "H"+80H
 00000861  0000084B R	     1	        DD  Link
 00000865 00000732 R	     1	WIDTHE   DD  DOUSE
				%else
				%endif                           
 00000869  00000018		        DD      (CW*6)
				;

				;  *************** 
				;  *   WARNING   *
				;  *************** 
				;  
				%if 1
				        ENTRY    WARN, 80H+7, "WARNIN", "G"+80H, DOUSE
 0000086D 87		     1	N_WARN DB  80H+7
 0000086E  57 41 52 4E 49    1	        DB  "WARNIN"
	   4E
 00000874  C7		     1	        DB  "G"+80H
 00000875  0000085B R	     1	        DD  Link
 00000879 00000732 R	     1	WARN   DD  DOUSE
				%else
				%endif                           
 0000087D  0000001C		        DD      (CW*7)
				;

				;  ************* 
				;  *   FENCE   *
				;  ************* 
				;  
				%if 1
				        ENTRY    FENCE, 80H+5, "FENC", "E"+80H, DOUSE
 00000881 85		     1	N_FENCE DB  80H+5
 00000882  46 45 4E 43	     1	        DB  "FENC"
 00000886  C5		     1	        DB  "E"+80H
 00000887  0000086D R	     1	        DD  Link
 0000088B 00000732 R	     1	FENCE   DD  DOUSE
				%else
				%endif                           
 0000088F  00000020		        DD      (CW*8)
				;

				;  ********** 
				;  *   DP   *
				;  ********** 
				;  
				%if 1
				        ENTRY    LDP, 80H+2, "D", "P"+80H, DOUSE
 00000893 82		     1	N_LDP DB  80H+2
 00000894  44		     1	        DB  "D"
 00000895  D0		     1	        DB  "P"+80H
 00000896  00000881 R	     1	        DD  Link
 0000089A 00000732 R	     1	LDP   DD  DOUSE
				%else
				%endif                           
 0000089E  00000024		        DD      (CW*9)
				;

				;  **************** 
				;  *   VOC-LINK   *
				;  **************** 
				;  
				%if 1
				        ENTRY    VOCL, 80H+8, "VOC-LIN", "K"+80H, DOUSE
 000008A2 88		     1	N_VOCL DB  80H+8
 000008A3  56 4F 43 2D 4C    1	        DB  "VOC-LIN"
	   49 4E
 000008AA  CB		     1	        DB  "K"+80H
 000008AB  00000893 R	     1	        DD  Link
 000008AF 00000732 R	     1	VOCL   DD  DOUSE
				%else
				%endif                           
 000008B3  00000028		        DD      (CW*10)
				;

				;  ************** 
				;  *   OFFSET   *
				;  ************** 
				;  
				%if 1
				        ENTRY    OFSET, 80H+6, "OFFSE", "T"+80H, DOUSE
 000008B7 86		     1	N_OFSET DB  80H+6
 000008B8  4F 46 46 53 45    1	        DB  "OFFSE"
 000008BD  D4		     1	        DB  "T"+80H
 000008BE  000008A2 R	     1	        DD  Link
 000008C2 00000732 R	     1	OFSET   DD  DOUSE
				%else
				%endif                           
 000008C6  0000002C		        DD      (CW*11)
				;
				; End of user variables with fixed place.
				;

				;  *********** 
				;  *   SCR   *
				;  *********** 
				;  
				%if 1
				        ENTRY    SCR, 80H+3, "SC", "R"+80H, DOUSE
 000008CA 83		     1	N_SCR DB  80H+3
 000008CB  53 43	     1	        DB  "SC"
 000008CD  D2		     1	        DB  "R"+80H
 000008CE  000008B7 R	     1	        DD  Link
 000008D2 00000732 R	     1	SCR   DD  DOUSE
				%else
				%endif                           
 000008D6  00000038		        DD      (CW*14)
				;

				;  *************** 
				;  *   CONTEXT   *
				;  *************** 
				;  
				%if 1
				        ENTRY    CONT, 80H+7, "CONTEX", "T"+80H, DOUSE
 000008DA 87		     1	N_CONT DB  80H+7
 000008DB  43 4F 4E 54 45    1	        DB  "CONTEX"
	   58
 000008E1  D4		     1	        DB  "T"+80H
 000008E2  000008CA R	     1	        DD  Link
 000008E6 00000732 R	     1	CONT   DD  DOUSE
				%else
				%endif                           
 000008EA  00000040		        DD      (CW*16)
				;

				;  *************** 
				;  *   CURRENT   *
				;  *************** 
				;  
				%if 1
				        ENTRY    CURR, 80H+7, "CURREN", "T"+80H, DOUSE
 000008EE 87		     1	N_CURR DB  80H+7
 000008EF  43 55 52 52 45    1	        DB  "CURREN"
	   4E
 000008F5  D4		     1	        DB  "T"+80H
 000008F6  000008DA R	     1	        DD  Link
 000008FA 00000732 R	     1	CURR   DD  DOUSE
				%else
				%endif                           
 000008FE  00000044		        DD      (CW*17)
				;

				;  ************* 
				;  *   STATE   *
				;  ************* 
				;  
				%if 1
				        ENTRY    STATE, 80H+5, "STAT", "E"+80H, DOUSE
 00000902 85		     1	N_STATE DB  80H+5
 00000903  53 54 41 54	     1	        DB  "STAT"
 00000907  C5		     1	        DB  "E"+80H
 00000908  000008EE R	     1	        DD  Link
 0000090C 00000732 R	     1	STATE   DD  DOUSE
				%else
				%endif                           
 00000910  00000048		        DD      (CW*18)
				;

				;  ************ 
				;  *   BASE   *
				;  ************ 
				;  
				%if 1
				        ENTRY    BASE, 80H+4, "BAS", "E"+80H, DOUSE
 00000914 84		     1	N_BASE DB  80H+4
 00000915  42 41 53	     1	        DB  "BAS"
 00000918  C5		     1	        DB  "E"+80H
 00000919  00000902 R	     1	        DD  Link
 0000091D 00000732 R	     1	BASE   DD  DOUSE
				%else
				%endif                           
 00000921  0000004C		        DD      (CW*19)
				;

				;  *********** 
				;  *   DPL   *
				;  *********** 
				;  
				%if 1
				        ENTRY    DPL, 80H+3, "DP", "L"+80H, DOUSE
 00000925 83		     1	N_DPL DB  80H+3
 00000926  44 50	     1	        DB  "DP"
 00000928  CC		     1	        DB  "L"+80H
 00000929  00000914 R	     1	        DD  Link
 0000092D 00000732 R	     1	DPL   DD  DOUSE
				%else
				%endif                           
 00000931  00000050		        DD      (CW*20)
				;

				;  *********** 
				;  *   FLD   *
				;  *********** 
				;  
				%if 1
				        ENTRY    LFLD, 80H+3, "FL", "D"+80H, DOUSE
 00000935 83		     1	N_LFLD DB  80H+3
 00000936  46 4C	     1	        DB  "FL"
 00000938  C4		     1	        DB  "D"+80H
 00000939  00000925 R	     1	        DD  Link
 0000093D 00000732 R	     1	LFLD   DD  DOUSE
				%else
				%endif                           
 00000941  00000054		        DD      (CW*21)
				;

				;  *********** 
				;  *   CSP   *
				;  *********** 
				;  
				%if 1
				        ENTRY    LCSP, 80H+3, "CS", "P"+80H, DOUSE
 00000945 83		     1	N_LCSP DB  80H+3
 00000946  43 53	     1	        DB  "CS"
 00000948  D0		     1	        DB  "P"+80H
 00000949  00000935 R	     1	        DD  Link
 0000094D 00000732 R	     1	LCSP   DD  DOUSE
				%else
				%endif                           
 00000951  00000058		        DD      (CW*22)
				;

				;  ********** 
				;  *   R#   *
				;  ********** 
				;  
				%if 1
				        ENTRY    RNUM, 80H+2, "R", "#"+80H, DOUSE
 00000955 82		     1	N_RNUM DB  80H+2
 00000956  52		     1	        DB  "R"
 00000957  A3		     1	        DB  "#"+80H
 00000958  00000945 R	     1	        DD  Link
 0000095C 00000732 R	     1	RNUM   DD  DOUSE
				%else
				%endif                           
 00000960  0000005C		        DD      (CW*23)
				;

				;  *********** 
				;  *   HLD   *
				;  *********** 
				;  
				%if 1
				        ENTRY    HLD, 80H+3, "HL", "D"+80H, DOUSE
 00000964 83		     1	N_HLD DB  80H+3
 00000965  48 4C	     1	        DB  "HL"
 00000967  C4		     1	        DB  "D"+80H
 00000968  00000955 R	     1	        DD  Link
 0000096C 00000732 R	     1	HLD   DD  DOUSE
				%else
				%endif                           
 00000970  00000060		        DD      (CW*24)
				;

				;  ********** 
				;  *   IN   *
				;  ********** 
				;  
				%if 1
				        ENTRY    LIN, 80H+2, "I", "N"+80H, DOUSE
 00000974 82		     1	N_LIN DB  80H+2
 00000975  49		     1	        DB  "I"
 00000976  CE		     1	        DB  "N"+80H
 00000977  00000964 R	     1	        DD  Link
 0000097B 00000732 R	     1	LIN   DD  DOUSE
				%else
				%endif                           
 0000097F  00000064		        DD      (CW*25)
				;

				;  *********** 
				;  *   OUT   *
				;  *********** 
				;  
				%if 1
				        ENTRY    LOUT, 80H+3, "OU", "T"+80H, DOUSE
 00000983 83		     1	N_LOUT DB  80H+3
 00000984  4F 55	     1	        DB  "OU"
 00000986  D4		     1	        DB  "T"+80H
 00000987  00000974 R	     1	        DD  Link
 0000098B 00000732 R	     1	LOUT   DD  DOUSE
				%else
				%endif                           
 0000098F  00000068		        DD      (CW*26)
				;

				;  *********** 
				;  *   BLK   *
				;  *********** 
				;  
				%if 1
				        ENTRY    BLK, 80H+3, "BL", "K"+80H, DOUSE
 00000993 83		     1	N_BLK DB  80H+3
 00000994  42 4C	     1	        DB  "BL"
 00000996  CB		     1	        DB  "K"+80H
 00000997  00000983 R	     1	        DD  Link
 0000099B 00000732 R	     1	BLK   DD  DOUSE
				%else
				%endif                           
 0000099F  0000006C		        DD      (CW*27)
				;
				;========== END USER VARIABLES =============;
				; ### TODO: Should all these be initialised to something? e.g. OUT is junk.
				;

				;  ********** 
				;  *   1+   *
				;  ********** 
				;  
				%if 1
				        CODE_ENTRY    ONEP, 80H+2, "1", "+"+80H
 000009A3 82		     1	N_ONEP DB  80H+2
 000009A4  31		     1	        DB  "1"
 000009A5  AB		     1	        DB  "+"+80H
 000009A6  00000993 R	     1	        DD  Link
 000009AA 000009AE R	     1	ONEP   DD  C_ONEP
 000009AE		     1	C_ONEP:
				%else
				%endif                           
 000009AE  58			        POP     EAX
 000009AF  40			        INC     EAX
 000009B0  50			        PUSH    EAX
 000009B1  AD			        LODSD                 ; NEXT
 000009B2  8B D8		        MOV     EBX,EAX                  
 000009B4  FF 23		        JMP      DWORD PTR[EBX]   
				;

				;  ********** 
				;  *   2+   *
				;  ********** 
				;  
				%if 1
				        CODE_ENTRY    TWOP, 80H+2, "2", "+"+80H
 000009B6 82		     1	N_TWOP DB  80H+2
 000009B7  32		     1	        DB  "2"
 000009B8  AB		     1	        DB  "+"+80H
 000009B9  000009A3 R	     1	        DD  Link
 000009BD 000009C1 R	     1	TWOP   DD  C_TWOP
 000009C1		     1	C_TWOP:
				%else
				%endif                           
 000009C1  58			        POP     EAX
 000009C2  83 C0 02		        ADD     EAX,2
 000009C5  50			        PUSH    EAX
 000009C6  AD			        LODSD                 ; NEXT
 000009C7  8B D8		        MOV     EBX,EAX                  
 000009C9  FF 23		        JMP      DWORD PTR[EBX]   
				;

				;  ************* 
				;  *   CELL+   *
				;  ************* 
				;  
				%if 1
				        CODE_ENTRY    CELLP, 80H+5, "CELL", "+"+80H
 000009CB 85		     1	N_CELLP DB  80H+5
 000009CC  43 45 4C 4C	     1	        DB  "CELL"
 000009D0  AB		     1	        DB  "+"+80H
 000009D1  000009B6 R	     1	        DD  Link
 000009D5 000009D9 R	     1	CELLP   DD  C_CELLP
 000009D9		     1	C_CELLP:
				%else
				%endif                           
 000009D9  58			        POP     EAX
 000009DA  83 C0 04		        ADD     EAX,CW
 000009DD  50			        PUSH    EAX
 000009DE  AD			        LODSD                 ; NEXT
 000009DF  8B D8		        MOV     EBX,EAX                  
 000009E1  FF 23		        JMP      DWORD PTR[EBX]   
				;

				;  ************ 
				;  *   HERE   *
				;  ************ 
				;  
				%if 1
				        ENTRY    HERE, 80H+4, "HER", "E"+80H, DOCOL
 000009E3 84		     1	N_HERE DB  80H+4
 000009E4  48 45 52	     1	        DB  "HER"
 000009E7  C5		     1	        DB  "E"+80H
 000009E8  000009CB R	     1	        DD  Link
 000009EC 000006A1 R	     1	HERE   DD  DOCOL
				%else
				%endif                           
 000009F0  0000089A R		        DD      LDP
 000009F4  000005BD R		        DD      FETCH
 000009F8  00000422 R		        DD      SEMIS
				;

				;  ************* 
				;  *   ALLOT   *
				;  ************* 
				;  
				%if 1
				        ENTRY    ALLOT, 80H+5, "ALLO", "T"+80H, DOCOL
 000009FC 85		     1	N_ALLOT DB  80H+5
 000009FD  41 4C 4C 4F	     1	        DB  "ALLO"
 00000A01  D4		     1	        DB  "T"+80H
 00000A02  000009E3 R	     1	        DD  Link
 00000A06 000006A1 R	     1	ALLOT   DD  DOCOL
				%else
				%endif                           
 00000A0A  0000089A R		        DD      LDP
 00000A0E  00000592 R		        DD      PSTOR
 00000A12  00000422 R		        DD      SEMIS
				;

				;  ********* 
				;  *   ,   *
				;  ********* 
				;  
				%if 1
				        ENTRY_1    COMMA, 80H+1, ","+80H, DOCOL
 00000A16 81		     1	N_COMMA DB  80H+1
 00000A17  AC		     1	        DB  ","+80H
 00000A18  000009FC R	     1	        DD  Link
 00000A1C 000006A1 R	     1	COMMA   DD  DOCOL
				%else
				%endif                           
 00000A20  000009EC R		        DD      HERE
 00000A24  000005FE R		        DD      STORE
 00000A28  00000023 R		        DD      LIT, CW
	   00000004
 00000A30  00000A06 R		        DD      ALLOT
 00000A34  00000422 R		        DD      SEMIS
				;

				;  ********** 
				;  *   C,   *
				;  ********** 
				;  
				%if 1
				        ENTRY    CCOMM, 80H+2, "C", ","+80H, DOCOL
 00000A38 82		     1	N_CCOMM DB  80H+2
 00000A39  43		     1	        DB  "C"
 00000A3A  AC		     1	        DB  ","+80H
 00000A3B  00000A16 R	     1	        DD  Link
 00000A3F 000006A1 R	     1	CCOMM   DD  DOCOL
				%else
				%endif                           
 00000A43  000009EC R		        DD      HERE
 00000A47  00000612 R		        DD      CSTOR
 00000A4B  0000075C R		        DD      ONE
 00000A4F  00000A06 R		        DD      ALLOT
 00000A53  00000422 R		        DD      SEMIS
				;

				;  ********* 
				;  *   -   *
				;  ********* 
				;  
				%if 1
				        CODE_ENTRY_1    LSUB, 80H+1, "-"+80H
 00000A57 81		     1	N_LSUB DB  80H+1
 00000A58  AD		     1	        DB  "-"+80H
 00000A59  00000A38 R	     1	        DD  Link
 00000A5D 00000A61 R	     1	LSUB   DD  C_LSUB
 00000A61		     1	C_LSUB:
				%else
				%endif                           
 00000A61  5A			        POP     EDX      ;S1
 00000A62  58			        POP     EAX
 00000A63  2B C2		        SUB     EAX,EDX
 00000A65  50			        PUSH    EAX
 00000A66  AD			        LODSD                 ; NEXT
 00000A67  8B D8		        MOV     EBX,EAX                  
 00000A69  FF 23		        JMP      DWORD PTR[EBX]      ;S1 = S2 - S1
				;

				;  ********* 
				;  *   =   *
				;  ********* 
				;  
				%if 1
				        ENTRY_1    EQUAL, 80H+1, "="+80H, DOCOL
 00000A6B 81		     1	N_EQUAL DB  80H+1
 00000A6C  BD		     1	        DB  "="+80H
 00000A6D  00000A57 R	     1	        DD  Link
 00000A71 000006A1 R	     1	EQUAL   DD  DOCOL
				%else
				%endif                           
 00000A75  00000A5D R		        DD      LSUB
 00000A79  00000489 R		        DD      ZEQU
 00000A7D  00000422 R		        DD      SEMIS
				;

				;  ********* 
				;  *   <   *
				;  ********* 
				;  
				%if 1
				        CODE_ENTRY_1    LESS, 80H+1, "<"+80H
 00000A81 81		     1	N_LESS DB  80H+1
 00000A82  BC		     1	        DB  "<"+80H
 00000A83  00000A6B R	     1	        DD  Link
 00000A87 00000A8B R	     1	LESS   DD  C_LESS
 00000A8B		     1	C_LESS:
				%else
				%endif                           
 00000A8B  5A			        POP     EDX      ;S1
 00000A8C  58			        POP     EAX      ;S2
 00000A8D  8B DA		        MOV     EBX,EDX
 00000A8F  33 D8		        XOR     EBX,EAX   ;TEST FOR EQUAL SIGNS
 00000A91  78 02		        JS      LES1    ;SIGNS ARE NOT THE SAME
 00000A93  2B C2		        SUB     EAX,EDX
 00000A95  0B C0		LES1:   OR      EAX,EAX   ;TEST SIGN BIT
 00000A97  B8 00000000		        MOV     EAX,0    ;ASSUME FALSE
 00000A9C  79 01		        JNS     LES2    ;NOT LESS THAN
 00000A9E  40			        INC     EAX      ;TRUE (1)
 00000A9F  50			LES2:   PUSH    EAX
 00000AA0  AD			        LODSD                 ; NEXT
 00000AA1  8B D8		        MOV     EBX,EAX                  
 00000AA3  FF 23		        JMP      DWORD PTR[EBX]   
				;

				;  ********** 
				;  *   U<   *
				;  ********** 
				;  
				%if 1
				        ENTRY    ULESS, 80H+2, "U", "<"+80H, DOCOL
 00000AA5 82		     1	N_ULESS DB  80H+2
 00000AA6  55		     1	        DB  "U"
 00000AA7  BC		     1	        DB  "<"+80H
 00000AA8  00000A81 R	     1	        DD  Link
 00000AAC 000006A1 R	     1	ULESS   DD  DOCOL
				%else
				%endif                           
 00000AB0  0000057C R		        DD      TDUP
 00000AB4  000003B1 R		        DD      LXOR,ZLESS
	   000004A5 R
 00000ABC  00000063 R		        DD      ZBRAN
 00000AC0  00000018		        DD      ULES1-$ ;IF
 00000AC4  0000053F R		        DD      DROP,ZLESS
	   000004A5 R
 00000ACC  00000489 R		        DD      ZEQU
 00000AD0  0000004C R		        DD      BRAN
 00000AD4  0000000C		        DD      ULES2-$
 00000AD8 00000A5D R		ULES1      DD      LSUB,ZLESS      ;ELSE
	   000004A5 R
 00000AE0 00000422 R		ULES2      DD      SEMIS           ;ENDIF
				;

				;  ********* 
				;  *   >   *
				;  ********* 
				;  
				%if 1
				        ENTRY_1    GREAT, 80H+1, ">"+80H, DOCOL
 00000AE4 81		     1	N_GREAT DB  80H+1
 00000AE5  BE		     1	        DB  ">"+80H
 00000AE6  00000AA5 R	     1	        DD  Link
 00000AEA 000006A1 R	     1	GREAT   DD  DOCOL
				%else
				%endif                           
 00000AEE  00000552 R		        DD      SWAP
 00000AF2  00000A87 R		        DD      LESS
 00000AF6  00000422 R		        DD      SEMIS
				;

				;  *********** 
				;  *   ROT   *
				;  *********** 
				;  
				%if 1
				        CODE_ENTRY    ROT, 80H+3, "RO", "T"+80H
 00000AFA 83		     1	N_ROT DB  80H+3
 00000AFB  52 4F	     1	        DB  "RO"
 00000AFD  D4		     1	        DB  "T"+80H
 00000AFE  00000AE4 R	     1	        DD  Link
 00000B02 00000B06 R	     1	ROT   DD  C_ROT
 00000B06		     1	C_ROT:
				%else
				%endif                           
 00000B06  5A			        POP     EDX      ;S1
 00000B07  5B			        POP     EBX      ;S2
 00000B08  58			        POP     EAX      ;S3
 00000B09  53			        PUSH    EBX
 00000B0A  52			        PUSH    EDX
 00000B0B  50			        PUSH    EAX
 00000B0C  AD			        LODSD                 ; NEXT
 00000B0D  8B D8		        MOV     EBX,EAX                  
 00000B0F  FF 23		        JMP      DWORD PTR[EBX]   
				;

				;  ************* 
				;  *   SPACE   *
				;  ************* 
				;  
				%if 1
				        ENTRY    SPACE, 80H+5, "SPAC", "E"+80H, DOCOL
 00000B11 85		     1	N_SPACE DB  80H+5
 00000B12  53 50 41 43	     1	        DB  "SPAC"
 00000B16  C5		     1	        DB  "E"+80H
 00000B17  00000AFA R	     1	        DD  Link
 00000B1B 000006A1 R	     1	SPACE   DD  DOCOL
				%else
				%endif                           
 00000B1F  0000079C R		        DD      BLS
 00000B23  00001EFF R		        DD      EMIT
 00000B27  00000422 R		        DD      SEMIS
				;

				;  ************ 
				;  *   -DUP   *
				;  ************ 
				;  
				%if 1
				        ENTRY    DDUP, 80H+4, "-DU", "P"+80H, DOCOL
 00000B2B 84		     1	N_DDUP DB  80H+4
 00000B2C  2D 44 55	     1	        DB  "-DU"
 00000B2F  D0		     1	        DB  "P"+80H
 00000B30  00000B11 R	     1	        DD  Link
 00000B34 000006A1 R	     1	DDUP   DD  DOCOL
				%else
				%endif                           
 00000B38  00000567 R		        DD      LDUP
 00000B3C  00000063 R		        DD      ZBRAN
 00000B40  00000008		        DD      DDUP1-$ ; IF
 00000B44  00000567 R		        DD      LDUP    ;ENDIF
 00000B48 00000422 R		DDUP1      DD      SEMIS
				;

				;  **************** 
				;  *   TRAVERSE   *
				;  **************** 
				;  
				%if 1
				        ENTRY    TRAV, 80H+8, "TRAVERS", "E"+80H, DOCOL
 00000B4C 88		     1	N_TRAV DB  80H+8
 00000B4D  54 52 41 56 45    1	        DB  "TRAVERS"
	   52 53
 00000B54  C5		     1	        DB  "E"+80H
 00000B55  00000B2B R	     1	        DD  Link
 00000B59 000006A1 R	     1	TRAV   DD  DOCOL
				%else
				%endif                           
 00000B5D  00000552 R		        DD      SWAP
 00000B61 00000528 R		TRAV1      DD      OVER    ;BEGIN
 00000B65  000004C0 R		        DD      PLUS
 00000B69  00000023 R		        DD      LIT,7FH
	   0000007F
 00000B71  00000528 R		        DD      OVER
 00000B75  000005D1 R		        DD      CFET
 00000B79  00000A87 R		        DD      LESS
 00000B7D  00000063 R		        DD      ZBRAN
 00000B81  FFFFFFE0		        DD      TRAV1-$ ;UNTIL
 00000B85  00000552 R		        DD      SWAP
 00000B89  0000053F R		        DD      DROP
 00000B8D  00000422 R		        DD      SEMIS
				;

				;  ************** 
				;  *   LATEST   *
				;  ************** 
				;  
				%if 1
				        ENTRY    LATES, 80H+6, "LATES", "T"+80H, DOCOL
 00000B91 86		     1	N_LATES DB  80H+6
 00000B92  4C 41 54 45 53    1	        DB  "LATES"
 00000B97  D4		     1	        DB  "T"+80H
 00000B98  00000B4C R	     1	        DD  Link
 00000B9C 000006A1 R	     1	LATES   DD  DOCOL
				%else
				%endif                           
 00000BA0  000008FA R		        DD      CURR
 00000BA4  000005BD R		        DD      FETCH
 00000BA8  000005BD R		        DD      FETCH
 00000BAC  00000422 R		        DD      SEMIS
				;

				;  *********** 
				;  *   LFA   *
				;  *********** 
				;  
				%if 1
				        ENTRY    LFA, 80H+3, "LF", "A"+80H, DOCOL
 00000BB0 83		     1	N_LFA DB  80H+3
 00000BB1  4C 46	     1	        DB  "LF"
 00000BB3  C1		     1	        DB  "A"+80H
 00000BB4  00000B91 R	     1	        DD  Link
 00000BB8 000006A1 R	     1	LFA   DD  DOCOL
				%else
				%endif                           
 00000BBC  00000023 R		        DD      LIT,(CW*2)
	   00000008
 00000BC4  00000A5D R		        DD      LSUB
 00000BC8  00000422 R		        DD      SEMIS
				;

				;  *********** 
				;  *   CFA   *
				;  *********** 
				;  
				%if 1
				        ENTRY    CFA, 80H+3, "CF", "A"+80H, DOCOL
 00000BCC 83		     1	N_CFA DB  80H+3
 00000BCD  43 46	     1	        DB  "CF"
 00000BCF  C1		     1	        DB  "A"+80H
 00000BD0  00000BB0 R	     1	        DD  Link
 00000BD4 000006A1 R	     1	CFA   DD  DOCOL
				%else
				%endif                           
 00000BD8  00000023 R		        DD      LIT, CW
	   00000004
 00000BE0  00000A5D R		        DD      LSUB
 00000BE4  00000422 R		        DD      SEMIS
				;

				;  *********** 
				;  *   NFA   *
				;  *********** 
				;  
				%if 1
				        ENTRY    NFA, 80H+3, "NF", "A"+80H, DOCOL
 00000BE8 83		     1	N_NFA DB  80H+3
 00000BE9  4E 46	     1	        DB  "NF"
 00000BEB  C1		     1	        DB  "A"+80H
 00000BEC  00000BCC R	     1	        DD  Link
 00000BF0 000006A1 R	     1	NFA   DD  DOCOL
				%else
				%endif                           
 00000BF4  00000023 R		        DD      LIT,1+(CW*2)
	   00000009
 00000BFC  00000A5D R		        DD      LSUB
 00000C00  00000023 R		        DD      LIT,-1
	   FFFFFFFF
 00000C08  00000B59 R		        DD      TRAV
 00000C0C  00000422 R		        DD      SEMIS
				;

				;  *********** 
				;  *   PFA   *
				;  *********** 
				;  
				%if 1
				        ENTRY    PFA, 80H+3, "PF", "A"+80H, DOCOL
 00000C10 83		     1	N_PFA DB  80H+3
 00000C11  50 46	     1	        DB  "PF"
 00000C13  C1		     1	        DB  "A"+80H
 00000C14  00000BE8 R	     1	        DD  Link
 00000C18 000006A1 R	     1	PFA   DD  DOCOL
				%else
				%endif                           
 00000C1C  0000075C R		        DD      ONE
 00000C20  00000B59 R		        DD      TRAV
 00000C24  00000023 R		        DD      LIT,1+(CW*2)
	   00000009
 00000C2C  000004C0 R		        DD      PLUS
 00000C30  00000422 R		        DD      SEMIS
				        ;
				        ; At line     LINE ~1500


				;  ************ 
				;  *   !CSP   *
				;  ************ 
				;  
				%if 1
				        ENTRY    SCSP, 80H+4, "!CS", "P"+80H, DOCOL
 00000C34 84		     1	N_SCSP DB  80H+4
 00000C35  21 43 53	     1	        DB  "!CS"
 00000C38  D0		     1	        DB  "P"+80H
 00000C39  00000C10 R	     1	        DD  Link
 00000C3D 000006A1 R	     1	SCSP   DD  DOCOL
				%else
				%endif                           
 00000C41  000003C7 R		        DD      SPFET
 00000C45  0000094D R		        DD      LCSP
 00000C49  000005FE R		        DD      STORE
 00000C4D  00000422 R		        DD      SEMIS
				;

				;  ************** 
				;  *   ?ERROR   *
				;  ************** 
				;  
				%if 1
				        ENTRY    QERR, 80H+6, "?ERRO", "R"+80H, DOCOL
 00000C51 86		     1	N_QERR DB  80H+6
 00000C52  3F 45 52 52 4F    1	        DB  "?ERRO"
 00000C57  D2		     1	        DB  "R"+80H
 00000C58  00000C34 R	     1	        DD  Link
 00000C5C 000006A1 R	     1	QERR   DD  DOCOL
				%else
				%endif                           
 00000C60  00000552 R		        DD      SWAP
 00000C64  00000063 R		        DD      ZBRAN
 00000C68  00000010		        DD      QERR1-$ ;IF
 00000C6C  00001351 R		        DD      ERROR
 00000C70  0000004C R		        DD      BRAN
 00000C74  00000008		        DD      QERR2-$  ;ELSE
 00000C78 0000053F R		QERR1      DD      DROP    ;ENDIF
 00000C7C 00000422 R		QERR2      DD      SEMIS
				;

				;  ************* 
				;  *   ?COMP   *
				;  ************* 
				;  
				%if 1
				        ENTRY    QCOMP, 80H+5, "?COM", "P"+80H, DOCOL
 00000C80 85		     1	N_QCOMP DB  80H+5
 00000C81  3F 43 4F 4D	     1	        DB  "?COM"
 00000C85  D0		     1	        DB  "P"+80H
 00000C86  00000C51 R	     1	        DD  Link
 00000C8A 000006A1 R	     1	QCOMP   DD  DOCOL
				%else
				%endif                           
 00000C8E  0000090C R		        DD      STATE
 00000C92  000005BD R		        DD      FETCH
 00000C96  00000489 R		        DD      ZEQU
 00000C9A  00000023 R		        DD      LIT,11H
	   00000011
 00000CA2  00000C5C R		        DD      QERR
 00000CA6  00000422 R		        DD      SEMIS
				;

				;  ************* 
				;  *   ?EXEC   *
				;  ************* 
				;  
				%if 1
				        ENTRY    QEXEC, 80H+5, "?EXE", "C"+80H, DOCOL
 00000CAA 85		     1	N_QEXEC DB  80H+5
 00000CAB  3F 45 58 45	     1	        DB  "?EXE"
 00000CAF  C3		     1	        DB  "C"+80H
 00000CB0  00000C80 R	     1	        DD  Link
 00000CB4 000006A1 R	     1	QEXEC   DD  DOCOL
				%else
				%endif                           
 00000CB8  0000090C R		        DD      STATE
 00000CBC  000005BD R		        DD      FETCH
 00000CC0  00000023 R		        DD      LIT,12H
	   00000012
 00000CC8  00000C5C R		        DD      QERR
 00000CCC  00000422 R		        DD      SEMIS
				;

				;  ************** 
				;  *   ?PAIRS   *
				;  ************** 
				;  
				%if 1
				        ENTRY    QPAIR, 80H+6, "?PAIR", "S"+80H, DOCOL
 00000CD0 86		     1	N_QPAIR DB  80H+6
 00000CD1  3F 50 41 49 52    1	        DB  "?PAIR"
 00000CD6  D3		     1	        DB  "S"+80H
 00000CD7  00000CAA R	     1	        DD  Link
 00000CDB 000006A1 R	     1	QPAIR   DD  DOCOL
				%else
				%endif                           
 00000CDF  00000A5D R		        DD      LSUB
 00000CE3  00000023 R		        DD      LIT,13H
	   00000013
 00000CEB  00000C5C R		        DD      QERR
 00000CEF  00000422 R		        DD      SEMIS
				;

				;  ************ 
				;  *   ?CSP   *
				;  ************ 
				;  
				%if 1
				        ENTRY    QCSP, 80H+4, "?CS", "P"+80H, DOCOL
 00000CF3 84		     1	N_QCSP DB  80H+4
 00000CF4  3F 43 53	     1	        DB  "?CS"
 00000CF7  D0		     1	        DB  "P"+80H
 00000CF8  00000CD0 R	     1	        DD  Link
 00000CFC 000006A1 R	     1	QCSP   DD  DOCOL
				%else
				%endif                           
 00000D00  000003C7 R		        DD      SPFET
 00000D04  0000094D R		        DD      LCSP
 00000D08  000005BD R		        DD      FETCH
 00000D0C  00000A5D R		        DD      LSUB
 00000D10  00000023 R		        DD      LIT,14H
	   00000014
 00000D18  00000C5C R		        DD      QERR
 00000D1C  00000422 R		        DD      SEMIS
				;

				;  **************** 
				;  *   ?LOADING   *
				;  **************** 
				;  
				%if 1
				        ENTRY    QLOAD, 80H+8, "?LOADIN", "G"+80H, DOCOL
 00000D20 88		     1	N_QLOAD DB  80H+8
 00000D21  3F 4C 4F 41 44    1	        DB  "?LOADIN"
	   49 4E
 00000D28  C7		     1	        DB  "G"+80H
 00000D29  00000CF3 R	     1	        DD  Link
 00000D2D 000006A1 R	     1	QLOAD   DD  DOCOL
				%else
				%endif                           
 00000D31  0000099B R		        DD      BLK
 00000D35  000005BD R		        DD      FETCH
 00000D39  00000489 R		        DD      ZEQU
 00000D3D  00000023 R		        DD      LIT,16H
	   00000016
 00000D45  00000C5C R		        DD      QERR
 00000D49  00000422 R		        DD      SEMIS
				;

				;  *************** 
				;  *   COMPILE   *
				;  *************** 
				;  
				%if 1
				        ENTRY    COMP, 80H+7, "COMPIL", "E"+80H, DOCOL
 00000D4D 87		     1	N_COMP DB  80H+7
 00000D4E  43 4F 4D 50 49    1	        DB  "COMPIL"
	   4C
 00000D54  C5		     1	        DB  "E"+80H
 00000D55  00000D20 R	     1	        DD  Link
 00000D59 000006A1 R	     1	COMP   DD  DOCOL
				%else
				%endif                           
 00000D5D  00000C8A R		        DD      QCOMP
 00000D61  00000468 R		        DD      FROMR
 00000D65  00000567 R		        DD      LDUP
 00000D69  000009D5 R		        DD      CELLP
 00000D6D  00000451 R		        DD      TOR
 00000D71  000005BD R		        DD      FETCH
 00000D75  00000A1C R		        DD      COMMA
 00000D79  00000422 R		        DD      SEMIS
				;

				;  ********* 
				;  *   [   *
				;  ********* 
				;  
				%if 1
				        ENTRY_1    LBRAC, 80H+1+40H, "["+80H, DOCOL
 00000D7D C1		     1	N_LBRAC DB  80H+1+40H
 00000D7E  DB		     1	        DB  "["+80H
 00000D7F  00000D4D R	     1	        DD  Link
 00000D83 000006A1 R	     1	LBRAC   DD  DOCOL
				%else
				%endif                           
 00000D87  0000074A R		        DD      ZERO
 00000D8B  0000090C R		        DD      STATE
 00000D8F  000005FE R		        DD      STORE
 00000D93  00000422 R		        DD      SEMIS
				;

				;  ********* 
				;  *   ]   *
				;  ********* 
				;  
				%if 1
				        ENTRY_1    RBRAC, 80H+1, "]"+80H, DOCOL
 00000D97 81		     1	N_RBRAC DB  80H+1
 00000D98  DD		     1	        DB  "]"+80H
 00000D99  00000D7D R	     1	        DD  Link
 00000D9D 000006A1 R	     1	RBRAC   DD  DOCOL
				%else
				%endif                           
 00000DA1  00000023 R		        DD      LIT,0C0H
	   000000C0
 00000DA9  0000090C R		        DD      STATE
 00000DAD  000005FE R		        DD      STORE
 00000DB1  00000422 R		        DD      SEMIS
				;

				;  ************** 
				;  *   SMUDGE   *
				;  ************** 
				;  
				%if 1
				        ENTRY    SMUDG, 80H+6, "SMUDG", "E"+80H, DOCOL
 00000DB5 86		     1	N_SMUDG DB  80H+6
 00000DB6  53 4D 55 44 47    1	        DB  "SMUDG"
 00000DBB  C5		     1	        DB  "E"+80H
 00000DBC  00000D97 R	     1	        DD  Link
 00000DC0 000006A1 R	     1	SMUDG   DD  DOCOL
				%else
				%endif                           
 00000DC4  00000B9C R		        DD      LATES
 00000DC8  00000023 R		        DD      LIT,20H
	   00000020
 00000DD0  000005AA R		        DD      TOGGL
 00000DD4  00000422 R		        DD      SEMIS
				;

				;  *********** 
				;  *   HEX   *
				;  *********** 
				;  
				%if 1
				        ENTRY    HEX, 80H+3, "HE", "X"+80H, DOCOL
 00000DD8 83		     1	N_HEX DB  80H+3
 00000DD9  48 45	     1	        DB  "HE"
 00000DDB  D8		     1	        DB  "X"+80H
 00000DDC  00000DB5 R	     1	        DD  Link
 00000DE0 000006A1 R	     1	HEX   DD  DOCOL
				%else
				%endif                           
 00000DE4  00000023 R		        DD      LIT,16
	   00000010
 00000DEC  0000091D R		        DD      BASE
 00000DF0  000005FE R		        DD      STORE
 00000DF4  00000422 R		        DD      SEMIS
				;

				;  *************** 
				;  *   DECIMAL   *
				;  *************** 
				;  
				%if 1
				        ENTRY    DECA, 80H+7, "DECIMA", "L"+80H, DOCOL
 00000DF8 87		     1	N_DECA DB  80H+7
 00000DF9  44 45 43 49 4D    1	        DB  "DECIMA"
	   41
 00000DFF  CC		     1	        DB  "L"+80H
 00000E00  00000DD8 R	     1	        DD  Link
 00000E04 000006A1 R	     1	DECA   DD  DOCOL
				%else
				%endif                           
 00000E08  00000023 R		        DD      LIT,10
	   0000000A
 00000E10  0000091D R		        DD      BASE
 00000E14  000005FE R		        DD      STORE
 00000E18  00000422 R		        DD      SEMIS
				;

				;  *************** 
				;  *   (;CODE)   *
				;  *************** 
				;  
				%if 1
				        ENTRY    PSCOD, 80H+7, "(;CODE", ")"+80H, DOCOL
 00000E1C 87		     1	N_PSCOD DB  80H+7
 00000E1D  28 3B 43 4F 44    1	        DB  "(;CODE"
	   45
 00000E23  A9		     1	        DB  ")"+80H
 00000E24  00000DF8 R	     1	        DD  Link
 00000E28 000006A1 R	     1	PSCOD   DD  DOCOL
				%else
				%endif                           
 00000E2C  00000468 R		        DD      FROMR
 00000E30  00000B9C R		        DD      LATES
 00000E34  00000C18 R		        DD      PFA
 00000E38  00000BD4 R		        DD      CFA
 00000E3C  000005FE R		        DD      STORE
 00000E40  00000422 R		        DD      SEMIS
				;

				;  ************* 
				;  *   ;CODE   *
				;  ************* 
				;  
				%if 1
				        ENTRY    SEMIC, 80H+5+40H, ";COD", "E"+80H, DOCOL
 00000E44 C5		     1	N_SEMIC DB  80H+5+40H
 00000E45  3B 43 4F 44	     1	        DB  ";COD"
 00000E49  C5		     1	        DB  "E"+80H
 00000E4A  00000E1C R	     1	        DD  Link
 00000E4E 000006A1 R	     1	SEMIC   DD  DOCOL
				%else
				%endif                           
 00000E52  00000CFC R		        DD      QCSP
 00000E56  00000D59 R		        DD      COMP
 00000E5A  00000E28 R		        DD      PSCOD
 00000E5E  00000D83 R		        DD      LBRAC
 00000E62 0000007D R		SEMI1      DD      NOOP    ; The code field of ASSEMBLER must be patched here. 
 00000E66  00000422 R		        DD      SEMIS
				;

				;  *************** 
				;  *   <BUILDS   *
				;  *************** 
				;  
				%if 1
				        ENTRY    BUILD, 80H+7, "<BUILD", "S"+80H, DOCOL
 00000E6A 87		     1	N_BUILD DB  80H+7
 00000E6B  3C 42 55 49 4C    1	        DB  "<BUILD"
	   44
 00000E71  D3		     1	        DB  "S"+80H
 00000E72  00000E44 R	     1	        DD  Link
 00000E76 000006A1 R	     1	BUILD   DD  DOCOL
				%else
				%endif                           
 00000E7A  0000074A R		        DD      ZERO
 00000E7E  000006DE R		        DD      CON
 00000E82  00000422 R		        DD      SEMIS
				;

				;  ************* 
				;  *   DOES>   *
				;  ************* 
				;  
				%if 1
				        ENTRY    DOES, 80H+5, "DOES", ">"+80H, DOCOL
 00000E86 85		     1	N_DOES DB  80H+5
 00000E87  44 4F 45 53	     1	        DB  "DOES"
 00000E8B  BE		     1	        DB  ">"+80H
 00000E8C  00000E6A R	     1	        DD  Link
 00000E90 000006A1 R	     1	DOES   DD  DOCOL
				%else
				%endif                           
 00000E94  00000468 R		        DD      FROMR
 00000E98  00000B9C R		        DD      LATES
 00000E9C  00000C18 R		        DD      PFA
 00000EA0  000005FE R		        DD      STORE
 00000EA4  00000E28 R		        DD      PSCOD
 00000EA8  8D 6D FC		DODOE:  LEA     EBP,[EBP-(CW*1)]
 00000EAB  89 75 00		        MOV     [EBP],ESI ;R1 <- (IP)
 00000EAE  8B 73 04		        MOV     ESI,[EBX+(CW*1)] ;NEW IP 
 00000EB1  8D 43 08		        LEA     EAX,[EBX+2*(CW*1)]
 00000EB4  50			        PUSH    EAX
 00000EB5  AD			        LODSD                 ; NEXT
 00000EB6  8B D8		        MOV     EBX,EAX                  
 00000EB8  FF 23		        JMP      DWORD PTR[EBX]   
				;

				;  ************* 
				;  *   COUNT   *
				;  ************* 
				;  
				%if 1
				        ENTRY    COUNT, 80H+5, "COUN", "T"+80H, DOCOL
 00000EBA 85		     1	N_COUNT DB  80H+5
 00000EBB  43 4F 55 4E	     1	        DB  "COUN"
 00000EBF  D4		     1	        DB  "T"+80H
 00000EC0  00000E86 R	     1	        DD  Link
 00000EC4 000006A1 R	     1	COUNT   DD  DOCOL
				%else
				%endif                           
 00000EC8  00000567 R		        DD      LDUP
 00000ECC  000009AA R		        DD      ONEP
 00000ED0  00000552 R		        DD      SWAP
 00000ED4  000005D1 R		        DD      CFET
 00000ED8  00000422 R		        DD      SEMIS
				;

				;  ***************** 
				;  *   -TRAILING   *
				;  ***************** 
				;  
				%if 1
				        ENTRY    DTRAI, 80H+9, "-TRAILIN", "G"+80H, DOCOL
 00000EDC 89		     1	N_DTRAI DB  80H+9
 00000EDD  2D 54 52 41 49    1	        DB  "-TRAILIN"
	   4C 49 4E
 00000EE5  C7		     1	        DB  "G"+80H
 00000EE6  00000EBA R	     1	        DD  Link
 00000EEA 000006A1 R	     1	DTRAI   DD  DOCOL
				%else
				%endif                           
 00000EEE  00000567 R		        DD      LDUP
 00000EF2  0000074A R		        DD      ZERO
 00000EF6  000000CE R		        DD      XDO     ;DO
 00000EFA 00000528 R		DTRA1      DD      OVER
 00000EFE  00000528 R		        DD      OVER
 00000F02  000004C0 R		        DD      PLUS
 00000F06  0000075C R		        DD      ONE
 00000F0A  00000A5D R		        DD      LSUB
 00000F0E  000005D1 R		        DD      CFET
 00000F12  0000079C R		        DD      BLS
 00000F16  00000A5D R		        DD      LSUB
 00000F1A  00000063 R		        DD      ZBRAN
 00000F1E  00000010		        DD      DTRA2-$ ;IF
 00000F22  0000043B R		        DD      LLEAV
 00000F26  0000004C R		        DD      BRAN
 00000F2A  0000000C		        DD      DTRA3-$  ; ELSE
 00000F2E 0000075C R		DTRA2      DD      ONE
 00000F32  00000A5D R		        DD      LSUB    ; ENDIF
 00000F36 00000091 R		DTRA3      DD      XLOOP
 00000F3A  FFFFFFC0		        DD      DTRA1-$    ; LOOP
 00000F3E  00000422 R		        DD      SEMIS
				        ;
				        ; At line     LINE ~2000


				;  ************ 
				;  *   (.")   *
				;  ************ 
				%if 1
				        ENTRY    PDOTQ, 80H+4, '(."', ")"+80H, DOCOL
 00000F42 84		     1	N_PDOTQ DB  80H+4
 00000F43  28 2E 22	     1	        DB  '(."'
 00000F46  A9		     1	        DB  ")"+80H
 00000F47  00000EDC R	     1	        DD  Link
 00000F4B 000006A1 R	     1	PDOTQ   DD  DOCOL
				%else
				%endif                        
 00000F4F  0000047E R		        DD      RR
 00000F53  00000EC4 R		        DD      COUNT
 00000F57  00000567 R		        DD      LDUP
 00000F5B  000009AA R		        DD      ONEP
 00000F5F  00000468 R		        DD      FROMR
 00000F63  000004C0 R		        DD      PLUS
 00000F67  00000451 R		        DD      TOR
 00000F6B  00001E93 R		        DD      LTYPE
 00000F6F  00000422 R		        DD      SEMIS
				;


				;  ********** 
				;  *   ."   *
				;  ********** 
				;  
				%if 1
				        ENTRY    DOTQ, 80H+2+40H, '.', '"'+80H, DOCOL
 00000F73 C2		     1	N_DOTQ DB  80H+2+40H
 00000F74  2E		     1	        DB  '.'
 00000F75  A2		     1	        DB  '"'+80H
 00000F76  00000F42 R	     1	        DD  Link
 00000F7A 000006A1 R	     1	DOTQ   DD  DOCOL
				%else
				%endif                        
 00000F7E  00000023 R		        DD      LIT,22H
	   00000022
 00000F86  0000090C R		        DD      STATE
 00000F8A  000005BD R		        DD      FETCH
 00000F8E  00000063 R		        DD      ZBRAN
 00000F92  00000028		        DD      DOTQ1-$ ; IF
 00000F96  00000D59 R		        DD      COMP
 00000F9A  00000F4B R		        DD      PDOTQ
 00000F9E  00001119 R		        DD      LWORD
 00000FA2  000009EC R		        DD      HERE
 00000FA6  000005D1 R		        DD      CFET
 00000FAA  000009AA R		        DD      ONEP
 00000FAE  00000A06 R		        DD      ALLOT
 00000FB2  0000004C R		        DD      BRAN
 00000FB6  00000014		        DD      DOTQ2-$  ; ELSE
 00000FBA 00001119 R		DOTQ1      DD      LWORD
 00000FBE  000009EC R		        DD      HERE
 00000FC2  00000EC4 R		        DD      COUNT
 00000FC6  00001E93 R		        DD      LTYPE   ; ENDIF
 00000FCA 00000422 R		DOTQ2      DD      SEMIS
				;

				;  ************* 
				;  *   QUERY   *
				;  ************* 
				;  
				%if 1
				        ENTRY    QUERY, 80H+5, "QUER", "Y"+80H, DOCOL
 00000FCE 85		     1	N_QUERY DB  80H+5
 00000FCF  51 55 45 52	     1	        DB  "QUER"
 00000FD3  D9		     1	        DB  "Y"+80H
 00000FD4  00000F73 R	     1	        DD  Link
 00000FD8 000006A1 R	     1	QUERY   DD  DOCOL
				%else
				%endif                           
 00000FDC  00000853 R		        DD      TIB
 00000FE0  000005BD R		        DD      FETCH
 00000FE4  00000023 R		        DD      LIT,RTS/2
	   00008000
 00000FEC  00001EB0 R		        DD      EXPEC
 00000FF0  0000074A R		        DD      ZERO
 00000FF4  0000097B R		        DD      LIN
 00000FF8  000005FE R		        DD      STORE
 00000FFC  00000422 R		        DD      SEMIS
				;

				; The macro might struggle with this one...
				%if 1
				        ENTRY_1    NULL, 80H+1+40H, 80H, DOCOL
 00001000 C1		     1	N_NULL DB  80H+1+40H
 00001001  80		     1	        DB  80H
 00001002  00000FCE R	     1	        DD  Link
 00001006 000006A1 R	     1	NULL   DD  DOCOL
				%else
				%endif
				;       Special header putting an ASCII NULL in the dictionary.
 0000100A  0000099B R		        DD      BLK
 0000100E  000005BD R		        DD      FETCH
 00001012  00000063 R		        DD      ZBRAN
 00001016  00000054		        DD      NULL1-$ ; IF
 0000101A  0000075C R		        DD      ONE
 0000101E  0000099B R		        DD      BLK
 00001022  00000592 R		        DD      PSTOR
 00001026  0000074A R		        DD      ZERO
 0000102A  0000097B R		        DD      LIN
 0000102E  000005FE R		        DD      STORE
 00001032  0000099B R		        DD      BLK
 00001036  000005BD R		        DD      FETCH
 0000103A  00000803 R		        DD      BSCR
 0000103E  0000075C R		        DD      ONE
 00001042  00000A5D R		        DD      LSUB
 00001046  00000386 R		        DD      LAND
 0000104A  00000489 R		        DD      ZEQU
 0000104E  00000063 R		        DD      ZBRAN
 00001052  00000010		        DD      NULL2-$ ; IF
 00001056  00000CB4 R		        DD      QEXEC
 0000105A  00000468 R		        DD      FROMR
 0000105E  0000053F R		        DD      DROP    ; ENDIF
 00001062 0000004C R		NULL2      DD      BRAN
 00001066  0000000C		        DD      NULL3-$  ; ELSE
 0000106A 00000468 R		NULL1      DD      FROMR
 0000106E  0000053F R		        DD      DROP    ; ENDIF
 00001072 00000422 R		NULL3      DD      SEMIS
				;

				;  ************ 
				;  *   FILL   *
				;  ************ 
				;  
				%if 1
				        CODE_ENTRY    FILL, 80H+4, "FIL", "L"+80H
 00001076 84		     1	N_FILL DB  80H+4
 00001077  46 49 4C	     1	        DB  "FIL"
 0000107A  CC		     1	        DB  "L"+80H
 0000107B  00001000 R	     1	        DD  Link
 0000107F 00001083 R	     1	FILL   DD  C_FILL
 00001083		     1	C_FILL:
				%else
				%endif                           
 00001083  58			        POP     EAX      ; FILL CHAR
 00001084  59			        POP     ECX      ; FILL COUNT
 00001085  5F			        POP     EDI      ; BEGIN ADDR
				;       MOV    BX,DS
				;       MOV    ES,BX   ; ES <- DS
 00001086  FC			        CLD             ; INC DIRECTION
 00001087  F3/ AA		        REP     STOSB   ;STORE BYTE
 00001089  AD			        LODSD                 ; NEXT
 0000108A  8B D8		        MOV     EBX,EAX                  
 0000108C  FF 23		        JMP      DWORD PTR[EBX]   
				;

				;  ************* 
				;  *   ERASE   *
				;  ************* 
				;  
				%if 1
				        ENTRY    LERASE, 80H+5, "ERAS", "E"+80H, DOCOL
 0000108E 85		     1	N_LERASE DB  80H+5
 0000108F  45 52 41 53	     1	        DB  "ERAS"
 00001093  C5		     1	        DB  "E"+80H
 00001094  00001076 R	     1	        DD  Link
 00001098 000006A1 R	     1	LERASE   DD  DOCOL
				%else
				%endif                           
 0000109C  0000074A R		        DD      ZERO
 000010A0  0000107F R		        DD      FILL
 000010A4  00000422 R		        DD      SEMIS
				;

				;  ************** 
				;  *   BLANKS   *
				;  ************** 
				;  
				%if 1
				        ENTRY    BLANK, 80H+6, "BLANK", "S"+80H, DOCOL
 000010A8 86		     1	N_BLANK DB  80H+6
 000010A9  42 4C 41 4E 4B    1	        DB  "BLANK"
 000010AE  D3		     1	        DB  "S"+80H
 000010AF  0000108E R	     1	        DD  Link
 000010B3 000006A1 R	     1	BLANK   DD  DOCOL
				%else
				%endif                           
 000010B7  0000079C R		        DD      BLS
 000010BB  0000107F R		        DD      FILL
 000010BF  00000422 R		        DD      SEMIS
				;

				;  ************ 
				;  *   HOLD   *
				;  ************ 
				;  
				%if 1
				        ENTRY    HOLD, 80H+4, "HOL", "D"+80H, DOCOL
 000010C3 84		     1	N_HOLD DB  80H+4
 000010C4  48 4F 4C	     1	        DB  "HOL"
 000010C7  C4		     1	        DB  "D"+80H
 000010C8  000010A8 R	     1	        DD  Link
 000010CC 000006A1 R	     1	HOLD   DD  DOCOL
				%else
				%endif                           
 000010D0  00000023 R		        DD      LIT,-1
	   FFFFFFFF
 000010D8  0000096C R		        DD      HLD
 000010DC  00000592 R		        DD      PSTOR
 000010E0  0000096C R		        DD      HLD
 000010E4  000005BD R		        DD      FETCH
 000010E8  00000612 R		        DD      CSTOR
 000010EC  00000422 R		        DD      SEMIS
				;

				;  *********** 
				;  *   PAD   *
				;  *********** 
				;  
				%if 1
				        ENTRY    PAD, 80H+3, "PA", "D"+80H, DOCOL
 000010F0 83		     1	N_PAD DB  80H+3
 000010F1  50 41	     1	        DB  "PA"
 000010F3  C4		     1	        DB  "D"+80H
 000010F4  000010C3 R	     1	        DD  Link
 000010F8 000006A1 R	     1	PAD   DD  DOCOL
				%else
				%endif                           
 000010FC  000009EC R		        DD      HERE
 00001100  00000023 R		        DD      LIT,84
	   00000054
 00001108  000004C0 R		        DD      PLUS
 0000110C  00000422 R		        DD      SEMIS
				;

				;  ************ 
				;  *   WORD   *
				;  ************ 
				;  
				%if 1
				        ENTRY    LWORD, 80H+4, "WOR", "D"+80H, DOCOL
 00001110 84		     1	N_LWORD DB  80H+4
 00001111  57 4F 52	     1	        DB  "WOR"
 00001114  C4		     1	        DB  "D"+80H
 00001115  000010F0 R	     1	        DD  Link
 00001119 000006A1 R	     1	LWORD   DD  DOCOL
				%else
				%endif                           
 0000111D  0000099B R		        DD      BLK
 00001121  000005BD R		        DD      FETCH
 00001125  00000063 R		        DD      ZBRAN
 00001129  00000018		        DD      WORD1-$ ; IF
 0000112D  0000099B R		        DD      BLK
 00001131  000005BD R		        DD      FETCH
 00001135  00001CF3 R		        DD      BLOCK
 00001139  0000004C R		        DD      BRAN
 0000113D  0000000C		        DD      WORD2-$  ; ELSE
 00001141 00000853 R		WORD1      DD      TIB
 00001145  000005BD R		        DD      FETCH      ; ENDIF
 00001149 0000097B R		WORD2      DD      LIN
 0000114D  000005BD R		        DD      FETCH
 00001151  000004C0 R		        DD      PLUS
 00001155  00000552 R		        DD      SWAP
 00001159  000002C5 R		        DD      ENCL
 0000115D  000009EC R		        DD      HERE
 00001161  00000023 R		        DD      LIT,22H
	   00000022
 00001169  000010B3 R		        DD      BLANK
 0000116D  0000097B R		        DD      LIN
 00001171  00000592 R		        DD      PSTOR
 00001175  00000528 R		        DD      OVER
 00001179  00000A5D R		        DD      LSUB
 0000117D  00000451 R		        DD      TOR
 00001181  0000047E R		        DD      RR
 00001185  000009EC R		        DD      HERE
 00001189  00000612 R		        DD      CSTOR
 0000118D  000004C0 R		        DD      PLUS
 00001191  000009EC R		        DD      HERE
 00001195  000009AA R		        DD      ONEP
 00001199  00000468 R		        DD      FROMR
 0000119D  0000032B R		        DD      LCMOVE
 000011A1  00000422 R		        DD      SEMIS
				;

				;  **************** 
				;  *   (NUMBER)   *
				;  **************** 
				;  
				%if 1
				        ENTRY    PNUMB, 80H+8, "(NUMBER", ")"+80H, DOCOL
 000011A5 88		     1	N_PNUMB DB  80H+8
 000011A6  28 4E 55 4D 42    1	        DB  "(NUMBER"
	   45 52
 000011AD  A9		     1	        DB  ")"+80H
 000011AE  00001110 R	     1	        DD  Link
 000011B2 000006A1 R	     1	PNUMB   DD  DOCOL
				%else
				%endif                           
 000011B6 000009AA R		PNUM1      DD      ONEP    ; BEGIN
 000011BA  00000567 R		        DD      LDUP
 000011BE  00000451 R		        DD      TOR
 000011C2  000005D1 R		        DD      CFET
 000011C6  0000091D R		        DD      BASE
 000011CA  000005BD R		        DD      FETCH
 000011CE  00000234 R		        DD      DIGIT
 000011D2  00000063 R		        DD      ZBRAN
 000011D6  00000058		        DD      PNUM2-$ ; WHILE
 000011DA  00000552 R		        DD      SWAP
 000011DE  0000091D R		        DD      BASE
 000011E2  000005BD R		        DD      FETCH
 000011E6  00000345 R		        DD      USTAR
 000011EA  0000053F R		        DD      DROP
 000011EE  00000B02 R		        DD      ROT
 000011F2  0000091D R		        DD      BASE
 000011F6  000005BD R		        DD      FETCH
 000011FA  00000345 R		        DD      USTAR
 000011FE  000004D5 R		        DD      DPLUS
 00001202  0000092D R		        DD      DPL
 00001206  000005BD R		        DD      FETCH
 0000120A  000009AA R		        DD      ONEP
 0000120E  00000063 R		        DD      ZBRAN
 00001212  00000010		        DD      PNUM3-$ ; IF
 00001216  0000075C R		        DD      ONE
 0000121A  0000092D R		        DD      DPL
 0000121E  00000592 R		        DD      PSTOR   ; ENDIF
 00001222 00000468 R		PNUM3      DD      FROMR
 00001226  0000004C R		        DD      BRAN
 0000122A  FFFFFF8C		        DD      PNUM1-$  ; REPEAT
 0000122E 00000468 R		PNUM2      DD      FROMR
 00001232  00000422 R		        DD      SEMIS
				;

				;  ************** 
				;  *   NUMBER   *
				;  ************** 
				;  
				%if 1
				        ENTRY    NUMB, 80H+6, "NUMBE", "R"+80H, DOCOL
 00001236 86		     1	N_NUMB DB  80H+6
 00001237  4E 55 4D 42 45    1	        DB  "NUMBE"
 0000123C  D2		     1	        DB  "R"+80H
 0000123D  000011A5 R	     1	        DD  Link
 00001241 000006A1 R	     1	NUMB   DD  DOCOL
				%else
				%endif                           
 00001245  0000074A R		        DD      ZERO
 00001249  0000074A R		        DD      ZERO
 0000124D  00000B02 R		        DD      ROT
 00001251  00000567 R		        DD      LDUP
 00001255  000009AA R		        DD      ONEP
 00001259  000005D1 R		        DD      CFET
 0000125D  00000023 R		        DD      LIT,2DH
	   0000002D
 00001265  00000A71 R		        DD      EQUAL
 00001269  00000567 R		        DD      LDUP
 0000126D  00000451 R		        DD      TOR
 00001271  000004C0 R		        DD      PLUS
 00001275  00000023 R		        DD      LIT,-1
	   FFFFFFFF
 0000127D 0000092D R		NUMB1      DD      DPL     ; BEGIN
 00001281  000005FE R		        DD      STORE
 00001285  000011B2 R		        DD      PNUMB
 00001289  00000567 R		        DD      LDUP
 0000128D  000005D1 R		        DD      CFET
 00001291  0000079C R		        DD      BLS
 00001295  00000A5D R		        DD      LSUB
 00001299  00000063 R		        DD      ZBRAN
 0000129D  0000002C		        DD      NUMB2-$ ; WHILE
 000012A1  00000567 R		        DD      LDUP
 000012A5  000005D1 R		        DD      CFET
 000012A9  00000023 R		        DD      LIT,2EH
	   0000002E
 000012B1  00000A5D R		        DD      LSUB
 000012B5  0000074A R		        DD      ZERO
 000012B9  00000C5C R		        DD      QERR
 000012BD  0000074A R		        DD      ZERO
 000012C1  0000004C R		        DD      BRAN
 000012C5  FFFFFFB8		        DD      NUMB1-$  ; REPEAT
 000012C9 0000053F R		NUMB2      DD      DROP
 000012CD  00000468 R		        DD      FROMR
 000012D1  00000063 R		        DD      ZBRAN
 000012D5  00000008		        DD      NUMB3-$ ; IF
 000012D9  0000050A R		        DD      DMINU   ; ENDIF
 000012DD 00000422 R		NUMB3      DD      SEMIS
				;

				;  ************* 
				;  *   -FIND   *
				;  ************* 
				;  
				%if 1
				        ENTRY    DFIND, 80H+5, "-FIN", "D"+80H, DOCOL
 000012E1 85		     1	N_DFIND DB  80H+5
 000012E2  2D 46 49 4E	     1	        DB  "-FIN"
 000012E6  C4		     1	        DB  "D"+80H
 000012E7  00001236 R	     1	        DD  Link
 000012EB 000006A1 R	     1	DFIND   DD  DOCOL
				%else
				%endif                           
 000012EF  0000079C R		        DD      BLS
 000012F3  00001119 R		        DD      LWORD
 000012F7  000009EC R		        DD      HERE
 000012FB  000008E6 R		        DD      CONT
 000012FF  000005BD R		        DD      FETCH
 00001303  000005BD R		        DD      FETCH
 00001307  0000026C R		        DD      PFIND
 0000130B  00000567 R		        DD      LDUP
 0000130F  00000489 R		        DD      ZEQU
 00001313  00000063 R		        DD      ZBRAN
 00001317  00000014		        DD      DFIN1-$ ;IF
 0000131B  0000053F R		        DD      DROP
 0000131F  000009EC R		        DD      HERE
 00001323  00000B9C R		        DD      LATES
 00001327  0000026C R		        DD      PFIND   ;ENDIF
 0000132B 00000422 R		DFIN1      DD      SEMIS
				;

				;  *************** 
				;  *   (ABORT)   *
				;  *************** 
				;  
				%if 1
				        ENTRY    PABOR, 80H+7, "(ABORT", ")"+80H, DOCOL
 0000132F 87		     1	N_PABOR DB  80H+7
 00001330  28 41 42 4F 52    1	        DB  "(ABORT"
	   54
 00001336  A9		     1	        DB  ")"+80H
 00001337  000012E1 R	     1	        DD  Link
 0000133B 000006A1 R	     1	PABOR   DD  DOCOL
				%else
				%endif                           
 0000133F  00001788 R		        DD      ABORT
 00001343  00000422 R		        DD      SEMIS
				;

				;  ************* 
				;  *   ERROR   *
				;  ************* 
				;  
				%if 1
				        ENTRY    ERROR, 80H+5, "ERRO", "R"+80H, DOCOL
 00001347 85		     1	N_ERROR DB  80H+5
 00001348  45 52 52 4F	     1	        DB  "ERRO"
 0000134C  D2		     1	        DB  "R"+80H
 0000134D  0000132F R	     1	        DD  Link
 00001351 000006A1 R	     1	ERROR   DD  DOCOL
				%else
				%endif                           
 00001355  00000879 R		        DD      WARN
 00001359  000005BD R		        DD      FETCH
 0000135D  000004A5 R		        DD      ZLESS
 00001361  00000063 R		        DD      ZBRAN
 00001365  00000008		        DD      ERRO1-$ ;IF
 00001369  0000133B R		        DD      PABOR   ;ENDIF
 0000136D 000009EC R		ERRO1      DD      HERE
 00001371  00000EC4 R		        DD      COUNT
 00001375  00001E93 R		        DD      LTYPE
 00001379  00000F4B R		        DD      PDOTQ
				        
 0000137D  02			        DB      2
 0000137E  3F 20		        DB      "? "
 00001380  00001B32 R		        DD      MESS
 00001384  000003DB R		        DD      SPSTO
				;
				;      CHANGE FROM FIG MODEL
				;      DC LIN,FETCH,BLK,FETCH
				;
 00001388  0000099B R		        DD      BLK,FETCH
	   000005BD R
 00001390  00000B34 R		        DD      DDUP
 00001394  00000063 R		        DD      ZBRAN
 00001398  00000010		        DD      ERRO2-$ ; IF
 0000139C  0000097B R		        DD      LIN,FETCH
	   000005BD R
 000013A4  00000552 R		        DD      SWAP    ;ENDIF
 000013A8 00001737 R		ERRO2      DD      QUIT
				;

				;  *********** 
				;  *   ID.   *
				;  *********** 
				;  
				%if 1
				        ENTRY    IDDOT, 80H+3, "ID", "."+80H, DOCOL
 000013AC 83		     1	N_IDDOT DB  80H+3
 000013AD  49 44	     1	        DB  "ID"
 000013AF  AE		     1	        DB  "."+80H
 000013B0  00001347 R	     1	        DD  Link
 000013B4 000006A1 R	     1	IDDOT   DD  DOCOL
				%else
				%endif                           
 000013B8  00000EC4 R		        DD      COUNT
 000013BC  00000023 R		        DD      LIT,1FH
	   0000001F
 000013C4  00000386 R		        DD      LAND
 000013C8  0000075C R		        DD      ONE
 000013CC  00000A5D R		        DD      LSUB
 000013D0  0000057C R		        DD      TDUP
 000013D4  00001E93 R		        DD      LTYPE
 000013D8  000004C0 R		        DD      PLUS
 000013DC  000005D1 R		        DD      CFET
 000013E0  00000023 R		        DD      LIT,07FH
	   0000007F
 000013E8  00000386 R		        DD      LAND
 000013EC  00001EFF R		        DD      EMIT
 000013F0  00000B1B R		        DD      SPACE
 000013F4  00000B1B R		        DD      SPACE
 000013F8  00000B1B R		        DD      SPACE
 000013FC  00000422 R		        DD      SEMIS
				;

				;  ************** 
				;  *   CREATE   *
				;  ************** 
				;  
				%if 1
				        ENTRY    CREAT, 80H+6, "CREAT", "E"+80H, DOCOL
 00001400 86		     1	N_CREAT DB  80H+6
 00001401  43 52 45 41 54    1	        DB  "CREAT"
 00001406  C5		     1	        DB  "E"+80H
 00001407  000013AC R	     1	        DD  Link
 0000140B 000006A1 R	     1	CREAT   DD  DOCOL
				%else
				%endif                           
 0000140F  000012EB R		        DD      DFIND
 00001413  000009EC R		        DD      HERE
 00001417  000009AA R		        DD      ONEP
 0000141B  000005D1 R		        DD      CFET
 0000141F  00000489 R		        DD      ZEQU
 00001423  00000023 R		        DD      LIT,5
	   00000005
 0000142B  00000C5C R		        DD      QERR
 0000142F  00000063 R		        DD      ZBRAN
 00001433  00000020		        DD      CREA1-$ ;IF
 00001437  0000053F R		        DD      DROP
 0000143B  00000BF0 R		        DD      NFA
 0000143F  000013B4 R		        DD      IDDOT
 00001443  00000023 R		        DD      LIT,4
	   00000004
 0000144B  00001B32 R		        DD      MESS
 0000144F  00000B1B R		        DD      SPACE   ;ENDIF
 00001453 000009EC R		CREA1      DD      HERE
 00001457  00000567 R		        DD      LDUP
 0000145B  000005D1 R		        DD      CFET
 0000145F  00000865 R		        DD      WIDTHE
 00001463  000005BD R		        DD      FETCH
 00001467  0000191F R		        DD      MIN
 0000146B  000009AA R		        DD      ONEP
 0000146F  00000A06 R		        DD      ALLOT
 00001473  00000567 R		        DD      LDUP
 00001477  00000023 R		        DD      LIT,0A0H
	   000000A0
 0000147F  000005AA R		        DD      TOGGL
 00001483  000009EC R		        DD      HERE
 00001487  0000075C R		        DD      ONE
 0000148B  00000A5D R		        DD      LSUB
 0000148F  00000023 R		        DD      LIT,80H
	   00000080
 00001497  000005AA R		        DD      TOGGL
 0000149B  00000B9C R		        DD      LATES
 0000149F  00000A1C R		        DD      COMMA
 000014A3  000008FA R		        DD      CURR
 000014A7  000005BD R		        DD      FETCH
 000014AB  000005FE R		        DD      STORE
 000014AF  000009EC R		        DD      HERE
 000014B3  000009D5 R		        DD      CELLP
 000014B7  00000A1C R		        DD      COMMA
 000014BB  00000422 R		        DD      SEMIS
				        ;

				;  ***************** 
				;  *   [COMPILE]   *
				;  ***************** 
				;  
				%if 1
				        ENTRY    BCOMP, 80H+9+40H, "[COMPILE", "]"+80H, DOCOL
 000014BF C9		     1	N_BCOMP DB  80H+9+40H
 000014C0  5B 43 4F 4D 50    1	        DB  "[COMPILE"
	   49 4C 45
 000014C8  DD		     1	        DB  "]"+80H
 000014C9  00001400 R	     1	        DD  Link
 000014CD 000006A1 R	     1	BCOMP   DD  DOCOL
				%else
				%endif                           
 000014D1  000012EB R		        DD      DFIND
 000014D5  00000489 R		        DD      ZEQU
 000014D9  0000074A R		        DD      ZERO
 000014DD  00000C5C R		        DD      QERR
 000014E1  0000053F R		        DD      DROP
 000014E5  00000BD4 R		        DD      CFA
 000014E9  00000A1C R		        DD      COMMA
 000014ED  00000422 R		        DD      SEMIS
				;

				;  *************** 
				;  *   LITERAL   *
				;  *************** 
				;  
				%if 1
				        ENTRY    LITER, 80H+7+40H, "LITERA", "L"+80H, DOCOL
 000014F1 C7		     1	N_LITER DB  80H+7+40H
 000014F2  4C 49 54 45 52    1	        DB  "LITERA"
	   41
 000014F8  CC		     1	        DB  "L"+80H
 000014F9  000014BF R	     1	        DD  Link
 000014FD 000006A1 R	     1	LITER   DD  DOCOL
				%else
				%endif                           
 00001501  0000090C R		        DD      STATE
 00001505  000005BD R		        DD      FETCH
 00001509  00000063 R		        DD      ZBRAN
 0000150D  00000010		        DD      LITE1-$ ;IF
 00001511  00000D59 R		        DD      COMP
 00001515  00000023 R		        DD      LIT
 00001519  00000A1C R		        DD      COMMA   ;ENDIF
 0000151D 00000422 R		LITE1      DD      SEMIS
				        ;
				;

				;  **************** 
				;  *   DLITERAL   *
				;  **************** 
				;  
				%if 1
				        ENTRY    DLITE, 80H+8+40H, "DLITERA", "L"+80H, DOCOL
 00001521 C8		     1	N_DLITE DB  80H+8+40H
 00001522  44 4C 49 54 45    1	        DB  "DLITERA"
	   52 41
 00001529  CC		     1	        DB  "L"+80H
 0000152A  000014F1 R	     1	        DD  Link
 0000152E 000006A1 R	     1	DLITE   DD  DOCOL
				%else
				%endif                           
 00001532  0000090C R		        DD      STATE
 00001536  000005BD R		        DD      FETCH
 0000153A  00000063 R		        DD      ZBRAN
 0000153E  00000010		        DD      DLIT1-$ ; IF
 00001542  00000552 R		        DD      SWAP
 00001546  000014FD R		        DD      LITER
 0000154A  000014FD R		        DD      LITER   ; ENDIF
 0000154E 00000422 R		DLIT1      DD      SEMIS
				;

				;  ************** 
				;  *   ?STACK   *
				;  ************** 
				;  
				%if 1
				        ENTRY    QSTAC, 80H+6, "?STAC", "K"+80H, DOCOL
 00001552 86		     1	N_QSTAC DB  80H+6
 00001553  3F 53 54 41 43    1	        DB  "?STAC"
 00001558  CB		     1	        DB  "K"+80H
 00001559  00001521 R	     1	        DD  Link
 0000155D 000006A1 R	     1	QSTAC   DD  DOCOL
				%else
				%endif                           
 00001561  000003C7 R		        DD      SPFET
 00001565  00000834 R		        DD      SZERO
 00001569  000005BD R		        DD      FETCH
 0000156D  00000552 R		        DD      SWAP
 00001571  00000AAC R		        DD      ULESS
 00001575  0000075C R		        DD      ONE
 00001579  00000C5C R		        DD      QERR
 0000157D  000003C7 R		        DD      SPFET
 00001581  000009EC R		        DD      HERE
 00001585  00000023 R		        DD      LIT,80H
	   00000080
 0000158D  000004C0 R		        DD      PLUS
 00001591  00000AAC R		        DD      ULESS
 00001595  00000023 R		        DD      LIT,7
	   00000007
 0000159D  00000C5C R		        DD      QERR
 000015A1  00000422 R		        DD      SEMIS
				        ;
				;

				;  ***************** 
				;  *   INTERPRET   *
				;  ***************** 
				;  
				%if 1
				        ENTRY   INTER, 80H+9, "INTERPRE", "T"+80H, DOCOL
 000015A5 89		     1	N_INTER DB  80H+9
 000015A6  49 4E 54 45 52    1	        DB  "INTERPRE"
	   50 52 45
 000015AE  D4		     1	        DB  "T"+80H
 000015AF  00001552 R	     1	        DD  Link
 000015B3 000006A1 R	     1	INTER   DD  DOCOL
				%else
				%endif                           
 000015B7 000012EB R		INTE1      DD      DFIND   ;BEGIN
 000015BB  00000063 R		        DD      ZBRAN
 000015BF  0000003C		        DD      INTE2-$ ;IF
 000015C3  0000090C R		        DD      STATE
 000015C7  000005BD R		        DD      FETCH
 000015CB  00000A87 R		        DD      LESS
 000015CF  00000063 R		        DD      ZBRAN
 000015D3  00000014		        DD      INTE3-$ ;IF
 000015D7  00000BD4 R		        DD      CFA
 000015DB  00000A1C R		        DD      COMMA
 000015DF  0000004C R		        DD      BRAN
 000015E3  0000000C		        DD      INTE4-$  ;ELSE
 000015E7 00000BD4 R		INTE3      DD      CFA
 000015EB  0000003A R		        DD      EXEC    ;ENDIF
 000015EF 0000155D R		INTE4      DD      QSTAC
 000015F3  0000004C R		        DD      BRAN
 000015F7  00000038		        DD      INTE5-$  ;ELSE
 000015FB 000009EC R		INTE2      DD      HERE
 000015FF  00001241 R		        DD      NUMB
 00001603  0000092D R		        DD      DPL
 00001607  000005BD R		        DD      FETCH
 0000160B  000009AA R		        DD      ONEP
 0000160F  00000063 R		        DD      ZBRAN
 00001613  00000010		        DD      INTE6-$ ;IF
 00001617  0000152E R		        DD      DLITE
 0000161B  0000004C R		        DD      BRAN
 0000161F  0000000C		        DD      INTE7-$  ;ELSE
 00001623 0000053F R		INTE6      DD      DROP
 00001627  000014FD R		        DD      LITER   ;ENDIF
 0000162B 0000155D R		INTE7      DD      QSTAC   ;ENDIF
 0000162F 0000004C R		INTE5      DD      BRAN
 00001633  FFFFFF84		        DD      INTE1-$  ;AGAIN
				;

				;  ***************** 
				;  *   IMMEDIATE   *
				;  ***************** 
				;  
				%if 1
				        ENTRY   IMMED, 80H+9, "IMMEDIAT", "E"+80H, DOCOL
 00001637 89		     1	N_IMMED DB  80H+9
 00001638  49 4D 4D 45 44    1	        DB  "IMMEDIAT"
	   49 41 54
 00001640  C5		     1	        DB  "E"+80H
 00001641  000015A5 R	     1	        DD  Link
 00001645 000006A1 R	     1	IMMED   DD  DOCOL
				%else
				%endif                           
 00001649  00000B9C R		        DD      LATES
 0000164D  00000023 R		        DD      LIT,40H
	   00000040
 00001655  000005AA R		        DD      TOGGL
 00001659  00000422 R		        DD      SEMIS
				;

				;  ****************** 
				;  *   VOCABULARY   *
				;  ****************** 
				;  
				%if 1
				        ENTRY   VOCAB, 80H+10, "VOCABULAR", "Y"+80H, DOCOL
 0000165D 8A		     1	N_VOCAB DB  80H+10
 0000165E  56 4F 43 41 42    1	        DB  "VOCABULAR"
	   55 4C 41 52
 00001667  D9		     1	        DB  "Y"+80H
 00001668  00001637 R	     1	        DD  Link
 0000166C 000006A1 R	     1	VOCAB   DD  DOCOL
				%else
				%endif                           
 00001670  00000E76 R		        DD      BUILD
 00001674  00000023 R		        DD      LIT, 80H+1, CCOMM    ; Dummy name field
	   00000081
	   00000A3F R
 00001680  00000023 R		        DD      LIT, " "+80H, CCOMM
	   000000A0
	   00000A3F R
 0000168C  000008FA R		        DD      CURR
 00001690  000005BD R		        DD      FETCH
 00001694  00000023 R		        DD      LIT, 2, LSUB ; Skip backwards over dummy name field.
	   00000002
	   00000A5D R
 000016A0  00000A1C R		        DD      COMMA    ; DLFA points to NFA of CURRENT
 000016A4  000009EC R		        DD      HERE
 000016A8  000008AF R		        DD      VOCL
 000016AC  000005BD R		        DD      FETCH
 000016B0  00000A1C R		        DD      COMMA    ; VLFA points to VLFA of previous VOC-LINK
 000016B4  000008AF R		        DD      VOCL
 000016B8  000005FE R		        DD      STORE
 000016BC  00000E90 R		        DD      DOES
 000016C0 000009BD R		DOVOC      DD      TWOP    ; i.e. Skip ' ' name.
 000016C4  000008E6 R		        DD      CONT
 000016C8  000005FE R		        DD      STORE
 000016CC  00000422 R		        DD      SEMIS
				        ;
				;
				;   The link to task is a cold start value only.
				;   It is updated each time a definition is
				;   appended to the 'FORTH' vocabulary.
				;

				;  ************* 
				;  *   FORTH   *
				;  ************* 
				;  
				%if 1
				        ENTRY   FORTH, 80H+5+40H, "FORT", "H"+80H, DODOE
 000016D0 C5		     1	N_FORTH DB  80H+5+40H
 000016D1  46 4F 52 54	     1	        DB  "FORT"
 000016D5  C8		     1	        DB  "H"+80H
 000016D6  0000165D R	     1	        DD  Link
 000016DA 00000EA8 R	     1	FORTH   DD  DODOE
				%else
				%endif                           
 000016DE  000016C0 R		        DD      DOVOC
 000016E2  81 A0		        DB      80H+1, " "+80H  ; Dummy name field
 000016E4  000028D1 R		        DD      N_TASK
 000016E8  00000000		        DD      0       ; END OF VOCABULARY LIST
				;

				;  ******************* 
				;  *   DEFINITIONS   *
				;  ******************* 
				;  
				%if 1
				        ENTRY   DEFIN, 80H+11, "DEFINITION", "S"+80H, DOCOL
 000016EC 8B		     1	N_DEFIN DB  80H+11
 000016ED  44 45 46 49 4E    1	        DB  "DEFINITION"
	   49 54 49 4F 4E
 000016F7  D3		     1	        DB  "S"+80H
 000016F8  000016D0 R	     1	        DD  Link
 000016FC 000006A1 R	     1	DEFIN   DD  DOCOL
				%else
				%endif                           
 00001700  000008E6 R		        DD      CONT
 00001704  000005BD R		        DD      FETCH
 00001708  000008FA R		        DD      CURR
 0000170C  000005FE R		        DD      STORE
 00001710  00000422 R		        DD      SEMIS
				;

				;  ********* 
				;  *   (   *
				;  ********* 
				;  
				%if 1
				        ENTRY_1   PAREN, 80H+1+40H, "("+80H, DOCOL
 00001714 C1		     1	N_PAREN DB  80H+1+40H
 00001715  A8		     1	        DB  "("+80H
 00001716  000016EC R	     1	        DD  Link
 0000171A 000006A1 R	     1	PAREN   DD  DOCOL
				%else
				%endif                           
 0000171E  00000023 R		        DD      LIT,')'
	   00000029
 00001726  00001119 R		        DD      LWORD
 0000172A  00000422 R		        DD      SEMIS
				;

				;  ************ 
				;  *   QUIT   *
				;  ************ 
				;  
				%if 1
				        ENTRY   QUIT, 80H+4, "QUI", "T"+80H, DOCOL
 0000172E 84		     1	N_QUIT DB  80H+4
 0000172F  51 55 49	     1	        DB  "QUI"
 00001732  D4		     1	        DB  "T"+80H
 00001733  00001714 R	     1	        DD  Link
 00001737 000006A1 R	     1	QUIT   DD  DOCOL
				%else
				%endif                           
 0000173B  0000074A R		        DD      ZERO
 0000173F  0000099B R		        DD      BLK
 00001743  000005FE R		        DD      STORE
 00001747  00000D83 R		        DD      LBRAC
 0000174B 00000409 R		QUIT1      DD      RPSTO   ;BEGIN
 0000174F  0000030D R		        DD      CR
 00001753  00000FD8 R		        DD      QUERY
 00001757  000015B3 R		        DD      INTER
 0000175B  0000090C R		        DD      STATE
 0000175F  000005BD R		        DD      FETCH
 00001763  00000489 R		        DD      ZEQU
 00001767  00000063 R		        DD      ZBRAN
 0000176B  0000000B		        DD      QUIT2-$ ;IF
 0000176F  00000F4B R		        DD      PDOTQ
				        
 00001773  02			        DB      2
 00001774  4F 4B		        DB      "OK"   ;ENDIF
 00001776 0000004C R		QUIT2      DD      BRAN
 0000177A  FFFFFFD1		        DD      QUIT1-$  ;AGAIN
				;

				;  ************* 
				;  *   ABORT   *
				;  ************* 
				;  
				%if 1
				        ENTRY   ABORT, 80H+5, "ABOR", "T"+80H, DOCOL
 0000177E 85		     1	N_ABORT DB  80H+5
 0000177F  41 42 4F 52	     1	        DB  "ABOR"
 00001783  D4		     1	        DB  "T"+80H
 00001784  0000172E R	     1	        DD  Link
 00001788 000006A1 R	     1	ABORT   DD  DOCOL
				%else
				%endif                           
 0000178C  000003DB R		        DD      SPSTO
 00001790  00000E04 R		        DD      DECA
 00001794  0000155D R		        DD      QSTAC   ; IT DID TO & INCL THIS
 00001798  0000030D R		        DD      CR
 0000179C  0000283F R		        DD      DOTCPU
 000017A0  00000F4B R		        DD      PDOTQ

				%if 0
				%endif
				;       If this is there it is a beta release
				        
 000017A4  32			        DB      50
 000017A5  49 42 4D 2D 50	        DB      "IBM-PC $RCSfile: fig86.gnr,v $ $Revision: 2.148 $ "
	   43 20 24 52 43
	   53 66 69 6C 65
	   3A 20 66 69 67
	   38 36 2E 67 6E
	   72 2C 76 20 24
	   20 24 52 65 76
	   69 73 69 6F 6E
	   3A 20 32 2E 31
	   34 38 20 24 20
 000017D7  000016DA R		        DD      FORTH
 000017DB  000016FC R		        DD      DEFIN
 000017DF  00001737 R		        DD      QUIT
				        ;
				;      WARM START VECTOR COMES HERE
				;
 000017E3  8B 35 000017EE R	WRM:    MOV     ESI, WRM1
 000017E9  AD			        LODSD                 ; NEXT
 000017EA  8B D8		        MOV     EBX,EAX                  
 000017EC  FF 23		        JMP      DWORD PTR[EBX]   
				;
 000017EE 000017FB R		WRM1      DD      WARM
				;

				;  ************ 
				;  *   WARM   *
				;  ************ 
				;  
				%if 1
				        ENTRY   WARM, 80H+4, "WAR", "M"+80H, DOCOL
 000017F2 84		     1	N_WARM DB  80H+4
 000017F3  57 41 52	     1	        DB  "WAR"
 000017F6  CD		     1	        DB  "M"+80H
 000017F7  0000177E R	     1	        DD  Link
 000017FB 000006A1 R	     1	WARM   DD  DOCOL
				%else
				%endif                           
 000017FF  00001C42 R		        DD      MTBUF
 00001803  00001788 R		        DD      ABORT
				;
				;      COLD START VECTOR COMES HERE
				;
 00001807  BE 0000181E R	LCLD:    MOV     ESI, CLD1  ; (IP) <-
				%if 0
				%endif
 0000180C  FC			        CLD                     ; DIR = INC
 0000180D  8B 25 00000136 R	        MOV     ESP, DWORD PTR[USINI+(CW*3)]    ;PARAM. STACK
 00001813  8B 2D 0000013A R	        MOV     EBP, DWORD PTR[USINI+(CW*4)]    ;RETURN STACK
 00001819  AD			        LODSD                 ; NEXT
 0000181A  8B D8		        MOV     EBX,EAX                  
 0000181C  FF 23		        JMP      DWORD PTR[EBX]   
				;
 0000181E			CLD1:
 0000181E  0000182B R		        DD      COLD
				;

				;  ************ 
				;  *   COLD   *
				;  ************ 
				;  
				%if 1
				        ENTRY   COLD, 80H+4, "COL", "D"+80H, DOCOL
 00001822 84		     1	N_COLD DB  80H+4
 00001823  43 4F 4C	     1	        DB  "COL"
 00001826  C4		     1	        DB  "D"+80H
 00001827  000017F2 R	     1	        DD  Link
 0000182B 000006A1 R	     1	COLD   DD  DOCOL
				%else
				%endif                           
 0000182F  00001C42 R		        DD      MTBUF
 00001833  000007BE R		        DD      FIRST
 00001837  00001B85 R		        DD      USE,STORE
	   000005FE R
 0000183F  000007BE R		        DD      FIRST
 00001843  00001B96 R		        DD      PREV,STORE
	   000005FE R
 0000184B  00000023 R		        DD      LIT, USINI
	   0000012A R
 00001853  00000023 R		        DD      LIT,USINI+(CW*1)
	   0000012E R
 0000185B  000005BD R		        DD      FETCH
 0000185F  00000023 R		        DD      LIT,US
	   00000100
 00001867  0000032B R		        DD      LCMOVE
 0000186B  00000023 R		        DD      LIT,USINI + (CW*0)    ; I.e. lfa of TASK
	   0000012A R
 00001873  000005BD R		        DD      FETCH
 00001877  00000023 R		        DD      LIT,FORTH+2+(CW*2)
	   000016E4 R
 0000187F  000005FE R		        DD      STORE
				;

 00001883  00002069 R		        DD      BLINI
				;
 00001887  00001788 R		        DD      ABORT
				;
				        ;

				;  ************ 
				;  *   S->D   *
				;  ************ 
				;  
				%if 1
				        CODE_ENTRY   STOD, 80H+4, "S->", "D"+80H
 0000188B 84		     1	N_STOD DB  80H+4
 0000188C  53 2D 3E	     1	        DB  "S->"
 0000188F  C4		     1	        DB  "D"+80H
 00001890  00001822 R	     1	        DD  Link
 00001894 00001898 R	     1	STOD   DD  C_STOD
 00001898		     1	C_STOD:
				%else
				%endif                           
 00001898  5A			        POP     EDX      ;S1
 00001899  2B C0		        SUB     EAX,EAX
 0000189B  0B D2		        OR      EDX,EDX
 0000189D  79 01		        JNS     STOD1   ;POS
 0000189F  48			        DEC     EAX      ;NEG
 000018A0  52			STOD1:  PUSH    EDX
 000018A1  50			        PUSH    EAX
 000018A2  AD			        LODSD                 ; NEXT
 000018A3  8B D8		        MOV     EBX,EAX                  
 000018A5  FF 23		        JMP      DWORD PTR[EBX]   
				;

				;  ********** 
				;  *   +-   *
				;  ********** 
				;  
				%if 1
				        ENTRY   PM, 80H+2, "+", "-"+80H, DOCOL
 000018A7 82		     1	N_PM DB  80H+2
 000018A8  2B		     1	        DB  "+"
 000018A9  AD		     1	        DB  "-"+80H
 000018AA  0000188B R	     1	        DD  Link
 000018AE 000006A1 R	     1	PM   DD  DOCOL
				%else
				%endif                           
 000018B2  000004A5 R		        DD      ZLESS
 000018B6  00000063 R		        DD      ZBRAN
 000018BA  00000008		        DD      PM1-$   ;IF
 000018BE  000004F2 R		        DD      MINUS   ;ENDIF
 000018C2 00000422 R		PM1      DD      SEMIS
				;

				;  *********** 
				;  *   D+-   *
				;  *********** 
				;  
				%if 1
				        ENTRY   DPM, 80H+3, "D+", "-"+80H, DOCOL
 000018C6 83		     1	N_DPM DB  80H+3
 000018C7  44 2B	     1	        DB  "D+"
 000018C9  AD		     1	        DB  "-"+80H
 000018CA  000018A7 R	     1	        DD  Link
 000018CE 000006A1 R	     1	DPM   DD  DOCOL
				%else
				%endif                           
 000018D2  000004A5 R		        DD      ZLESS
 000018D6  00000063 R		        DD      ZBRAN
 000018DA  00000008		        DD      DPM1-$  ;IF
 000018DE  0000050A R		        DD      DMINU   ;ENDIF
 000018E2 00000422 R		DPM1      DD      SEMIS
				;

				;  *********** 
				;  *   ABS   *
				;  *********** 
				;  
				%if 1
				        ENTRY   LABS, 80H+3, "AB", "S"+80H, DOCOL
 000018E6 83		     1	N_LABS DB  80H+3
 000018E7  41 42	     1	        DB  "AB"
 000018E9  D3		     1	        DB  "S"+80H
 000018EA  000018C6 R	     1	        DD  Link
 000018EE 000006A1 R	     1	LABS   DD  DOCOL
				%else
				%endif                           
 000018F2  00000567 R		        DD      LDUP
 000018F6  000018AE R		        DD      PM
 000018FA  00000422 R		        DD      SEMIS
				;

				;  ************ 
				;  *   DABS   *
				;  ************ 
				;  
				%if 1
				        ENTRY   DABS, 80H+4, "DAB", "S"+80H, DOCOL
 000018FE 84		     1	N_DABS DB  80H+4
 000018FF  44 41 42	     1	        DB  "DAB"
 00001902  D3		     1	        DB  "S"+80H
 00001903  000018E6 R	     1	        DD  Link
 00001907 000006A1 R	     1	DABS   DD  DOCOL
				%else
				%endif                           
 0000190B  00000567 R		        DD      LDUP
 0000190F  000018CE R		        DD      DPM
 00001913  00000422 R		        DD      SEMIS
				;

				;  *********** 
				;  *   MIN   *
				;  *********** 
				;  
				%if 1
				        ENTRY   MIN, 80H+3, "MI", "N"+80H, DOCOL
 00001917 83		     1	N_MIN DB  80H+3
 00001918  4D 49	     1	        DB  "MI"
 0000191A  CE		     1	        DB  "N"+80H
 0000191B  000018FE R	     1	        DD  Link
 0000191F 000006A1 R	     1	MIN   DD  DOCOL
				%else
				%endif                           
 00001923  0000057C R		        DD      TDUP
 00001927  00000AEA R		        DD      GREAT
 0000192B  00000063 R		        DD      ZBRAN
 0000192F  00000008		        DD      MIN1-$  ;IF
 00001933  00000552 R		        DD      SWAP    ;ENDIF
 00001937 0000053F R		MIN1      DD      DROP
 0000193B  00000422 R		        DD      SEMIS
				;

				;  *********** 
				;  *   MAX   *
				;  *********** 
				;  
				%if 1
				        ENTRY   MAX, 80H+3, "MA", "X"+80H, DOCOL
 0000193F 83		     1	N_MAX DB  80H+3
 00001940  4D 41	     1	        DB  "MA"
 00001942  D8		     1	        DB  "X"+80H
 00001943  00001917 R	     1	        DD  Link
 00001947 000006A1 R	     1	MAX   DD  DOCOL
				%else
				%endif                           
 0000194B  0000057C R		        DD      TDUP
 0000194F  00000A87 R		        DD      LESS
 00001953  00000063 R		        DD      ZBRAN
 00001957  00000008		        DD      MAX1-$  ;IF
 0000195B  00000552 R		        DD      SWAP    ;ENDIF
 0000195F 0000053F R		MAX1      DD      DROP
 00001963  00000422 R		        DD      SEMIS
				;

				;  ********** 
				;  *   M*   *
				;  ********** 
				;  
				%if 1
				        ENTRY   MSTAR, 80H+2, "M", "*"+80H, DOCOL
 00001967 82		     1	N_MSTAR DB  80H+2
 00001968  4D		     1	        DB  "M"
 00001969  AA		     1	        DB  "*"+80H
 0000196A  0000193F R	     1	        DD  Link
 0000196E 000006A1 R	     1	MSTAR   DD  DOCOL
				%else
				%endif                           
 00001972  0000057C R		        DD      TDUP
 00001976  000003B1 R		        DD      LXOR
 0000197A  00000451 R		        DD      TOR
 0000197E  000018EE R		        DD      LABS
 00001982  00000552 R		        DD      SWAP
 00001986  000018EE R		        DD      LABS
 0000198A  00000345 R		        DD      USTAR
 0000198E  00000468 R		        DD      FROMR
 00001992  000018CE R		        DD      DPM
 00001996  00000422 R		        DD      SEMIS
				;

				;  ********** 
				;  *   M/   *
				;  ********** 
				;  
				%if 1
				        ENTRY   MSLAS, 80H+2, "M", "/"+80H, DOCOL
 0000199A 82		     1	N_MSLAS DB  80H+2
 0000199B  4D		     1	        DB  "M"
 0000199C  AF		     1	        DB  "/"+80H
 0000199D  00001967 R	     1	        DD  Link
 000019A1 000006A1 R	     1	MSLAS   DD  DOCOL
				%else
				%endif                           
 000019A5  00000528 R		        DD      OVER
 000019A9  00000451 R		        DD      TOR
 000019AD  00000451 R		        DD      TOR
 000019B1  00001907 R		        DD      DABS
 000019B5  0000047E R		        DD      RR
 000019B9  000018EE R		        DD      LABS
 000019BD  0000035C R		        DD      USLAS
 000019C1  00000468 R		        DD      FROMR
 000019C5  0000047E R		        DD      RR
 000019C9  000003B1 R		        DD      LXOR
 000019CD  000018AE R		        DD      PM
 000019D1  00000552 R		        DD      SWAP
 000019D5  00000468 R		        DD      FROMR
 000019D9  000018AE R		        DD      PM
 000019DD  00000552 R		        DD      SWAP
 000019E1  00000422 R		        DD      SEMIS
				;

				;  ********* 
				;  *   *   *
				;  ********* 
				;  
				%if 1
				        ENTRY_1   STAR, 80H+1, "*"+80H, DOCOL
 000019E5 81		     1	N_STAR DB  80H+1
 000019E6  AA		     1	        DB  "*"+80H
 000019E7  0000199A R	     1	        DD  Link
 000019EB 000006A1 R	     1	STAR   DD  DOCOL
				%else
				%endif                           
 000019EF  0000196E R		        DD      MSTAR
 000019F3  0000053F R		        DD      DROP
 000019F7  00000422 R		        DD      SEMIS
				;

				;  ************ 
				;  *   /MOD   *
				;  ************ 
				;  
				%if 1
				        ENTRY   SLMOD, 80H+4, "/MO", "D"+80H, DOCOL
 000019FB 84		     1	N_SLMOD DB  80H+4
 000019FC  2F 4D 4F	     1	        DB  "/MO"
 000019FF  C4		     1	        DB  "D"+80H
 00001A00  000019E5 R	     1	        DD  Link
 00001A04 000006A1 R	     1	SLMOD   DD  DOCOL
				%else
				%endif                           
 00001A08  00000451 R		        DD      TOR
 00001A0C  00001894 R		        DD      STOD
 00001A10  00000468 R		        DD      FROMR
 00001A14  000019A1 R		        DD      MSLAS
 00001A18  00000422 R		        DD      SEMIS
				;

				;  ********* 
				;  *   /   *
				;  ********* 
				;  
				%if 1
				        ENTRY_1   SLASH, 80H+1, "/"+80H, DOCOL
 00001A1C 81		     1	N_SLASH DB  80H+1
 00001A1D  AF		     1	        DB  "/"+80H
 00001A1E  000019FB R	     1	        DD  Link
 00001A22 000006A1 R	     1	SLASH   DD  DOCOL
				%else
				%endif                           
 00001A26  00001A04 R		        DD      SLMOD
 00001A2A  00000552 R		        DD      SWAP
 00001A2E  0000053F R		        DD      DROP
 00001A32  00000422 R		        DD      SEMIS
				;

				;  *********** 
				;  *   MOD   *
				;  *********** 
				;  
				%if 1
				        ENTRY   LMOD, 80H+3, "MO", "D"+80H, DOCOL
 00001A36 83		     1	N_LMOD DB  80H+3
 00001A37  4D 4F	     1	        DB  "MO"
 00001A39  C4		     1	        DB  "D"+80H
 00001A3A  00001A1C R	     1	        DD  Link
 00001A3E 000006A1 R	     1	LMOD   DD  DOCOL
				%else
				%endif                           
 00001A42  00001A04 R		        DD      SLMOD
 00001A46  0000053F R		        DD      DROP
 00001A4A  00000422 R		        DD      SEMIS
				;

				;  ************* 
				;  *   */MOD   *
				;  ************* 
				;  
				%if 1
				        ENTRY   SSMOD, 80H+5, "*/MO", "D"+80H, DOCOL
 00001A4E 85		     1	N_SSMOD DB  80H+5
 00001A4F  2A 2F 4D 4F	     1	        DB  "*/MO"
 00001A53  C4		     1	        DB  "D"+80H
 00001A54  00001A36 R	     1	        DD  Link
 00001A58 000006A1 R	     1	SSMOD   DD  DOCOL
				%else
				%endif                           
 00001A5C  00000451 R		        DD      TOR
 00001A60  0000196E R		        DD      MSTAR
 00001A64  00000468 R		        DD      FROMR
 00001A68  000019A1 R		        DD      MSLAS
 00001A6C  00000422 R		        DD      SEMIS
				;

				;  ********** 
				;  *   */   *
				;  ********** 
				;  
				%if 1
				        ENTRY   SSLA, 80H+2, "*", "/"+80H, DOCOL
 00001A70 82		     1	N_SSLA DB  80H+2
 00001A71  2A		     1	        DB  "*"
 00001A72  AF		     1	        DB  "/"+80H
 00001A73  00001A4E R	     1	        DD  Link
 00001A77 000006A1 R	     1	SSLA   DD  DOCOL
				%else
				%endif                           
 00001A7B  00001A58 R		        DD      SSMOD
 00001A7F  00000552 R		        DD      SWAP
 00001A83  0000053F R		        DD      DROP
 00001A87  00000422 R		        DD      SEMIS
				;

				;  ************* 
				;  *   M/MOD   *
				;  ************* 
				;  
				%if 1
				        ENTRY   MSMOD, 80H+5, "M/MO", "D"+80H, DOCOL
 00001A8B 85		     1	N_MSMOD DB  80H+5
 00001A8C  4D 2F 4D 4F	     1	        DB  "M/MO"
 00001A90  C4		     1	        DB  "D"+80H
 00001A91  00001A70 R	     1	        DD  Link
 00001A95 000006A1 R	     1	MSMOD   DD  DOCOL
				%else
				%endif                           
 00001A99  00000451 R		        DD      TOR
 00001A9D  0000074A R		        DD      ZERO
 00001AA1  0000047E R		        DD      RR
 00001AA5  0000035C R		        DD      USLAS
 00001AA9  00000468 R		        DD      FROMR
 00001AAD  00000552 R		        DD      SWAP
 00001AB1  00000451 R		        DD      TOR
 00001AB5  0000035C R		        DD      USLAS
 00001AB9  00000468 R		        DD      FROMR
 00001ABD  00000422 R		        DD      SEMIS
				;

				;  ************** 
				;  *   (LINE)   *
				;  ************** 
				;  
				%if 1
				        ENTRY   PLINE, 80H+6, "(LINE", ")"+80H, DOCOL
 00001AC1 86		     1	N_PLINE DB  80H+6
 00001AC2  28 4C 49 4E 45    1	        DB  "(LINE"
 00001AC7  A9		     1	        DB  ")"+80H
 00001AC8  00001A8B R	     1	        DD  Link
 00001ACC 000006A1 R	     1	PLINE   DD  DOCOL
				%else
				%endif                           
 00001AD0  00000451 R		        DD      TOR
 00001AD4  00000023 R		        DD      LIT,64
	   00000040
 00001ADC  000007F1 R		        DD      BBUF
 00001AE0  00001A58 R		        DD      SSMOD
 00001AE4  00000468 R		        DD      FROMR
 00001AE8  00000803 R		        DD      BSCR
 00001AEC  000019EB R		        DD      STAR
 00001AF0  000004C0 R		        DD      PLUS
 00001AF4  00001CF3 R		        DD      BLOCK
 00001AF8  000004C0 R		        DD      PLUS
 00001AFC  00000023 R		        DD      LIT,64
	   00000040
 00001B04  00000422 R		        DD      SEMIS
				;

				;  ************* 
				;  *   .LINE   *
				;  ************* 
				;  
				%if 1
				        ENTRY   DLINE, 80H+5, ".LIN", "E"+80H, DOCOL
 00001B08 85		     1	N_DLINE DB  80H+5
 00001B09  2E 4C 49 4E	     1	        DB  ".LIN"
 00001B0D  C5		     1	        DB  "E"+80H
 00001B0E  00001AC1 R	     1	        DD  Link
 00001B12 000006A1 R	     1	DLINE   DD  DOCOL
				%else
				%endif                           
 00001B16  00001ACC R		        DD      PLINE
 00001B1A  00000EEA R		        DD      DTRAI
 00001B1E  00001E93 R		        DD      LTYPE
 00001B22  00000422 R		        DD      SEMIS
				;

				;  *************** 
				;  *   MESSAGE   *
				;  *************** 
				;  
				%if 1
				        ENTRY   MESS, 80H+7, "MESSAG", "E"+80H, DOCOL
 00001B26 87		     1	N_MESS DB  80H+7
 00001B27  4D 45 53 53 41    1	        DB  "MESSAG"
	   47
 00001B2D  C5		     1	        DB  "E"+80H
 00001B2E  00001B08 R	     1	        DD  Link
 00001B32 000006A1 R	     1	MESS   DD  DOCOL
				%else
				%endif                           
 00001B36  00000879 R		        DD      WARN
 00001B3A  000005BD R		        DD      FETCH
 00001B3E  00000063 R		        DD      ZBRAN
 00001B42  00000028		        DD      MESS1-$ ;IF
 00001B46  00000B34 R		        DD      DDUP
 00001B4A  00000063 R		        DD      ZBRAN
 00001B4E  00000014		        DD      MESS2-$ ;IF
 00001B52  00000023 R		        DD      LIT,4
	   00000004
 00001B5A  00001B12 R		        DD      DLINE
 00001B5E  00000B1B R		        DD      SPACE   ;ENDIF
 00001B62 0000004C R		MESS2      DD      BRAN
 00001B66  00000013		        DD      MESS3-$  ;ELSE
 00001B6A 00000F4B R		MESS1      DD      PDOTQ
				        
 00001B6E  06			        DB      6
 00001B6F  4D 53 47 20 23	        DB      "MSG # "
	   20
 00001B75  00002593 R		        DD      DOT     ;ENDIF
 00001B79 00000422 R		MESS3      DD      SEMIS
				;

				%if 0
				%endif

				;  *********** 
				;  *   USE   *
				;  *********** 
				;  
				%if 1
				        ENTRY   USE, 80H+3, "US", "E"+80H, DOVAR
 00001B7D 83		     1	N_USE DB  80H+3
 00001B7E  55 53	     1	        DB  "US"
 00001B80  C5		     1	        DB  "E"+80H
 00001B81  00001B26 R	     1	        DD  Link
 00001B85 00000714 R	     1	USE   DD  DOVAR
				%else
				%endif                           
 00001B89  000FF7F0 R		        DD BUF1
				;

				;  ************ 
				;  *   PREV   *
				;  ************ 
				;  
				%if 1
				        ENTRY   PREV, 80H+4, "PRE", "V"+80H, DOVAR
 00001B8D 84		     1	N_PREV DB  80H+4
 00001B8E  50 52 45	     1	        DB  "PRE"
 00001B91  D6		     1	        DB  "V"+80H
 00001B92  00001B7D R	     1	        DD  Link
 00001B96 00000714 R	     1	PREV   DD  DOVAR
				%else
				%endif
 00001B9A  000FF7F0 R		        DD      BUF1
				;

				;  ************* 
				;  *   #BUFF   *
				;  ************* 
				;  
				%if 1
				        ENTRY   NOBUF, 80H+5, "#BUF", "F"+80H, DOCON
 00001B9E 85		     1	N_NOBUF DB  80H+5
 00001B9F  23 42 55 46	     1	        DB  "#BUF"
 00001BA3  C6		     1	        DB  "F"+80H
 00001BA4  00001B8D R	     1	        DD  Link
 00001BA8 000006F2 R	     1	NOBUF   DD  DOCON
				%else
				%endif                           
				        ;NO. OF BUFFERS
 00001BAC  00000002		        DD      NBUF
				;

				;  ************ 
				;  *   +BUF   *
				;  ************ 
				;  
				%if 1
				        ENTRY   PBUF, 80H+4, "+BU", "F"+80H, DOCOL
 00001BB0 84		     1	N_PBUF DB  80H+4
 00001BB1  2B 42 55	     1	        DB  "+BU"
 00001BB4  C6		     1	        DB  "F"+80H
 00001BB5  00001B9E R	     1	        DD  Link
 00001BB9 000006A1 R	     1	PBUF   DD  DOCOL
				%else
				%endif                           
 00001BBD  00000023 R		        DD      LIT,(KBBUF+2*CW)
	   00000408
 00001BC5  000004C0 R		        DD      PLUS,LDUP
	   00000567 R
 00001BCD  000007D0 R		        DD      LIMIT,EQUAL
	   00000A71 R
 00001BD5  00000063 R		        DD      ZBRAN
 00001BD9  0000000C		        DD      PBUF1-$
 00001BDD  0000053F R		        DD      DROP,FIRST
	   000007BE R
 00001BE5 00000567 R		PBUF1      DD      LDUP,PREV
	   00001B96 R
 00001BED  000005BD R		        DD      FETCH,LSUB
	   00000A5D R
 00001BF5  00000422 R		        DD      SEMIS
				;

				;  ************** 
				;  *   UPDATE   *
				;  ************** 
				;  
				%if 1
				        ENTRY   UPDAT, 80H+6, "UPDAT", "E"+80H, DOCOL
 00001BF9 86		     1	N_UPDAT DB  80H+6
 00001BFA  55 50 44 41 54    1	        DB  "UPDAT"
 00001BFF  C5		     1	        DB  "E"+80H
 00001C00  00001BB0 R	     1	        DD  Link
 00001C04 000006A1 R	     1	UPDAT   DD  DOCOL
				%else
				%endif                           
 00001C08  00001B96 R		        DD      PREV
 00001C0C  000005BD R		        DD      FETCH,FETCH
	   000005BD R
 00001C14  00000023 R		        DD      LIT,BMASK
	   80000000
 00001C1C  0000039B R		        DD      LOR
 00001C20  00001B96 R		        DD      PREV,FETCH
	   000005BD R
 00001C28  000005FE R		        DD      STORE,SEMIS
	   00000422 R
				;

				;  ********************* 
				;  *   EMPTY-BUFFERS   *
				;  ********************* 
				;  
				%if 1
				        ENTRY   MTBUF, 80H+13, "EMPTY-BUFFER", "S"+80H, DOCOL
 00001C30 8D		     1	N_MTBUF DB  80H+13
 00001C31  45 4D 50 54 59    1	        DB  "EMPTY-BUFFER"
	   2D 42 55 46 46
	   45 52
 00001C3D  D3		     1	        DB  "S"+80H
 00001C3E  00001BF9 R	     1	        DD  Link
 00001C42 000006A1 R	     1	MTBUF   DD  DOCOL
				%else
				%endif                           
 00001C46  000007BE R		        DD      FIRST
 00001C4A  000007D0 R		        DD      LIMIT,OVER
	   00000528 R
 00001C52  00000A5D R		        DD      LSUB,LERASE
	   00001098 R
 00001C5A  00000422 R		        DD      SEMIS
				        ;
				;

				;  ************** 
				;  *   BUFFER   *
				;  ************** 
				;  
				%if 1
				        ENTRY   BUFFE, 80H+6, "BUFFE", "R"+80H, DOCOL
 00001C5E 86		     1	N_BUFFE DB  80H+6
 00001C5F  42 55 46 46 45    1	        DB  "BUFFE"
 00001C64  D2		     1	        DB  "R"+80H
 00001C65  00001C30 R	     1	        DD  Link
 00001C69 000006A1 R	     1	BUFFE   DD  DOCOL
				%else
				%endif                           
				; NOTE: THIS WORD WON'T WORK IF ONLY USING SINGLE BUFFER
 00001C6D  00001B85 R		        DD      USE
 00001C71  000005BD R		        DD      FETCH,LDUP
	   00000567 R
 00001C79  00000451 R		        DD      TOR
 00001C7D 00001BB9 R		BUFF1      DD      PBUF
 00001C81  00000063 R		        DD      ZBRAN
 00001C85  FFFFFFF8		        DD      BUFF1-$
 00001C89  00001B85 R		        DD      USE,STORE
	   000005FE R
 00001C91  0000047E R		        DD      RR,FETCH
	   000005BD R
 00001C99  000004A5 R		        DD      ZLESS
 00001C9D  00000063 R		        DD      ZBRAN
 00001CA1  00000028		        DD      BUFF2-$
 00001CA5  0000047E R		        DD      RR,CELLP
	   000009D5 R
 00001CAD  0000047E R		        DD      RR,FETCH
	   000005BD R
 00001CB5  00000023 R		        DD      LIT,7FFFH
	   00007FFF
 00001CBD  00000386 R		        DD      LAND,ZERO
	   0000074A R
 00001CC5  000020B4 R		        DD      RSLW
 00001CC9 0000047E R		BUFF2      DD      RR,STORE
	   000005FE R
 00001CD1  0000047E R		        DD      RR,PREV
	   00001B96 R
 00001CD9  000005FE R		        DD      STORE,FROMR
	   00000468 R
 00001CE1  000009D5 R		        DD      CELLP,SEMIS
	   00000422 R
				;

				;  ************* 
				;  *   BLOCK   *
				;  ************* 
				;  
				%if 1
				        ENTRY   BLOCK, 80H+5, "BLOC", "K"+80H, DOCOL
 00001CE9 85		     1	N_BLOCK DB  80H+5
 00001CEA  42 4C 4F 43	     1	        DB  "BLOC"
 00001CEE  CB		     1	        DB  "K"+80H
 00001CEF  00001C5E R	     1	        DD  Link
 00001CF3 000006A1 R	     1	BLOCK   DD  DOCOL
				%else
				%endif                           
 00001CF7  00000023 R		        DD      LIT, PMASK, LAND
	   000000FF
	   00000386 R
 00001D03  000008C2 R		        DD      OFSET
 00001D07  000005BD R		        DD      FETCH,PLUS
	   000004C0 R
 00001D0F  00000451 R		        DD      TOR,PREV
	   00001B96 R
 00001D17  000005BD R		        DD      FETCH,LDUP
	   00000567 R
 00001D1F  000005BD R		        DD      FETCH,RR
	   0000047E R
 00001D27  00000A5D R		        DD      LSUB
 00001D2B  00000567 R		        DD      LDUP,PLUS
	   000004C0 R
 00001D33  00000063 R		        DD      ZBRAN
 00001D37  0000006C		        DD      BLOC1-$
 00001D3B 00001BB9 R		BLOC2      DD      PBUF,ZEQU
	   00000489 R
 00001D43  00000063 R		        DD      ZBRAN
 00001D47  0000002C		        DD      BLOC3-$
 00001D4B  0000053F R		        DD      DROP,RR
	   0000047E R
 00001D53  00001C69 R		        DD      BUFFE,LDUP
	   00000567 R
 00001D5B  0000047E R		        DD      RR,ONE
	   0000075C R
 00001D63  000020B4 R		        DD      RSLW
 00001D67  00000023 R		        DD      LIT, CW,LSUB
	   00000004
	   00000A5D R
 00001D73 00000567 R		BLOC3      DD      LDUP,FETCH
	   000005BD R
 00001D7B  0000047E R		        DD      RR,LSUB
	   00000A5D R
 00001D83  00000567 R		        DD      LDUP,PLUS
	   000004C0 R
 00001D8B  00000489 R		        DD      ZEQU
 00001D8F  00000063 R		        DD      ZBRAN
 00001D93  FFFFFFA8		        DD      BLOC2-$
 00001D97  00000567 R		        DD      LDUP,PREV
	   00001B96 R
 00001D9F  000005FE R		        DD      STORE
 00001DA3 00000468 R		BLOC1      DD      FROMR,DROP
	   0000053F R
 00001DAB  000009D5 R		        DD      CELLP,SEMIS
	   00000422 R
				;

				;  ************* 
				;  *   FLUSH   *
				;  ************* 
				;  
				%if 1
				        ENTRY   FLUSH, 80H+5, "FLUS", "H"+80H, DOCOL
 00001DB3 85		     1	N_FLUSH DB  80H+5
 00001DB4  46 4C 55 53	     1	        DB  "FLUS"
 00001DB8  C8		     1	        DB  "H"+80H
 00001DB9  00001CE9 R	     1	        DD  Link
 00001DBD 000006A1 R	     1	FLUSH   DD  DOCOL
				%else
				%endif                           
 00001DC1  00001BA8 R		        DD      NOBUF,ONEP
	   000009AA R
 00001DC9  0000074A R		        DD      ZERO,XDO
	   000000CE R
 00001DD1 0000074A R		FLUS1      DD      ZERO,BUFFE
	   00001C69 R
 00001DD9  0000053F R		        DD      DROP
 00001DDD  00000091 R		        DD      XLOOP
 00001DE1  FFFFFFF0		        DD      FLUS1-$
 00001DE5  00000422 R		        DD      SEMIS
				;

				;  ************ 
				;  *   LOAD   *
				;  ************ 
				;  
				%if 1
				        ENTRY   LOAD, 80H+4, "LOA", "D"+80H, DOCOL
 00001DE9 84		     1	N_LOAD DB  80H+4
 00001DEA  4C 4F 41	     1	        DB  "LOA"
 00001DED  C4		     1	        DB  "D"+80H
 00001DEE  00001DB3 R	     1	        DD  Link
 00001DF2 000006A1 R	     1	LOAD   DD  DOCOL
				%else
				%endif                           
 00001DF6  0000099B R		        DD      BLK
 00001DFA  000005BD R		        DD      FETCH,TOR
	   00000451 R
 00001E02  0000097B R		        DD      LIN,FETCH
	   000005BD R
 00001E0A  00000451 R		        DD      TOR,ZERO
	   0000074A R
 00001E12  0000097B R		        DD      LIN,STORE
	   000005FE R
 00001E1A  00000803 R		        DD      BSCR,STAR
	   000019EB R
 00001E22  0000099B R		        DD      BLK,STORE       ;BLK <- SCR * B/SCR
	   000005FE R
 00001E2A  000015B3 R		        DD      INTER   ;INTERPRET FROM OTHER
 00001E2E 00000468 R		SCREEN      DD      FROMR,LIN
	   0000097B R
 00001E36  000005FE R		        DD      STORE
 00001E3A  00000468 R		        DD      FROMR,BLK
	   0000099B R
 00001E42  000005FE R		        DD      STORE
 00001E46  00000422 R		        DD      SEMIS
				;

				;  *********** 
				;  *   -->   *
				;  *********** 
				;  
				%if 1
				        ENTRY   ARROW, 80H+3+40H, "--", ">"+80H, DOCOL
 00001E4A C3		     1	N_ARROW DB  80H+3+40H
 00001E4B  2D 2D	     1	        DB  "--"
 00001E4D  BE		     1	        DB  ">"+80H
 00001E4E  00001DE9 R	     1	        DD  Link
 00001E52 000006A1 R	     1	ARROW   DD  DOCOL
				%else
				%endif                           
 00001E56  00000D2D R		        DD      QLOAD
 00001E5A  0000074A R		        DD      ZERO
 00001E5E  0000097B R		        DD      LIN
 00001E62  000005FE R		        DD      STORE
 00001E66  00000803 R		        DD      BSCR
 00001E6A  0000099B R		        DD      BLK
 00001E6E  000005BD R		        DD      FETCH
 00001E72  00000528 R		        DD      OVER
 00001E76  00001A3E R		        DD      LMOD
 00001E7A  00000A5D R		        DD      LSUB
 00001E7E  0000099B R		        DD      BLK
 00001E82  00000592 R		        DD      PSTOR
 00001E86  00000422 R		        DD      SEMIS
				        ;
				;
				;


				%if 0
				%endif
				;
				        ;
				;------------------------------------
				;       SYSTEM DEPENDANT CHAR I/O
				;------------------------------------
				;

				; Code fields are filled in during bootup. 
				; Lower case labels starting with "c_.." are c-supplied facilities.

				;  ************ 
				;  *   TYPE   *
				;  ************ 
				;  
				%if 1
				        CODE_ENTRY   LTYPE, 80H+4, "TYP", "E"+80H
 00001E8A 84		     1	N_LTYPE DB  80H+4
 00001E8B  54 59 50	     1	        DB  "TYP"
 00001E8E  C5		     1	        DB  "E"+80H
 00001E8F  00001E4A R	     1	        DD  Link
 00001E93 00001E97 R	     1	LTYPE   DD  C_LTYPE
 00001E97		     1	C_LTYPE:
				%else
				%endif
 00001E97  E8 00000000 E	        CALL    c_type
 00001E9C  8D 64 24 08		        LEA     ESP,[ESP+(CW*2)]    ; remove input
 00001EA0  AD			        LODSD                 ; NEXT
 00001EA1  8B D8		        MOV     EBX,EAX                  
 00001EA3  FF 23		        JMP      DWORD PTR[EBX]   
				;

				;
				;  ************** 
				;  *   EXPECT   *
				;  ************** 
				;  
				%if 1
				        CODE_ENTRY   EXPEC, 80H+6, "EXPEC", "T"+80H
 00001EA5 86		     1	N_EXPEC DB  80H+6
 00001EA6  45 58 50 45 43    1	        DB  "EXPEC"
 00001EAB  D4		     1	        DB  "T"+80H
 00001EAC  00001E8A R	     1	        DD  Link
 00001EB0 00001EB4 R	     1	EXPEC   DD  C_EXPEC
 00001EB4		     1	C_EXPEC:
				%else
				%endif
 00001EB4  E8 00000000 E	        CALL    c_expect
 00001EB9  8D 64 24 08		        LEA     ESP,[ESP+(CW*2)]    ; remove input
 00001EBD  AD			        LODSD                 ; NEXT
 00001EBE  8B D8		        MOV     EBX,EAX                  
 00001EC0  FF 23		        JMP      DWORD PTR[EBX]   
				;

				;  *********** 
				;  *   KEY   *
				;  *********** 
				;  
				%if 1
				        CODE_ENTRY   LKEY, 80H+3, "KE", "Y"+80H
 00001EC2 83		     1	N_LKEY DB  80H+3
 00001EC3  4B 45	     1	        DB  "KE"
 00001EC5  D9		     1	        DB  "Y"+80H
 00001EC6  00001EA5 R	     1	        DD  Link
 00001ECA 00001ECE R	     1	LKEY   DD  C_LKEY
 00001ECE		     1	C_LKEY:
				%else
				%endif                           
 00001ECE  E8 00000000 E	        CALL    c_key
 00001ED3  50			        PUSH    EAX
 00001ED4  AD			        LODSD                 ; NEXT
 00001ED5  8B D8		        MOV     EBX,EAX                  
 00001ED7  FF 23		        JMP      DWORD PTR[EBX]   
				;

				;  ***************** 
				;  *   ?TERMINAL   *
				;  ***************** 
				;  
				%if 1
				        CODE_ENTRY   QTERM, 80H+9, "?TERMINA", "L"+80H
 00001ED9 89		     1	N_QTERM DB  80H+9
 00001EDA  3F 54 45 52 4D    1	        DB  "?TERMINA"
	   49 4E 41
 00001EE2  CC		     1	        DB  "L"+80H
 00001EE3  00001EC2 R	     1	        DD  Link
 00001EE7 00001EEB R	     1	QTERM   DD  C_QTERM
 00001EEB		     1	C_QTERM:
				%else
				%endif                           
 00001EEB  E8 00000000 E	        CALL    c_qterminal
 00001EF0  50			        PUSH    EAX
 00001EF1  AD			        LODSD                 ; NEXT
 00001EF2  8B D8		        MOV     EBX,EAX                  
 00001EF4  FF 23		        JMP      DWORD PTR[EBX]   
				;
				 ;
				;


				;  ************ 
				;  *   EMIT   *
				;  ************ 
				;  
 00001EF6 84			N_EMIT      DB   80H+4
 00001EF7  45 4D 49		         DB      "EMI"
 00001EFA  D4			         DB     "T"+80H
 00001EFB  00001ED9 R		         DD    N_QTERM
 00001EFF 000006A1 R		EMIT      DD     DOCOL
				                           
 00001F03  000003C7 R		        DD      SPFET, ONE, LTYPE
	   0000075C R
	   00001E93 R
 00001F0F  0000053F R		        DD      DROP
 00001F13  00000422 R		        DD      SEMIS
				;
				;
				;
				;
				;
				        ;
				;------------------------------------
				;       SYSTEM DEPENDANT DISK I/O
				;------------------------------------



				;  ****************** 
				;  *   BLOCK-FILE   *
				;  ****************** 
				;  
				%if 1
				        ENTRY   BLFL, 80H+10, "BLOCK-FIL", "E"+80H, DOVAR
 00001F17 8A		     1	N_BLFL DB  80H+10
 00001F18  42 4C 4F 43 4B    1	        DB  "BLOCK-FIL"
	   2D 46 49 4C
 00001F21  C5		     1	        DB  "E"+80H
 00001F22  00001ED9 R	     1	        DD  Link
 00001F26 00000714 R	     1	BLFL   DD  DOVAR
				%else
				%endif                           
				        
 00001F2A  0A			        DB      10
 00001F2B  42 4C 4F 43 4B	        DB      "BLOCKS.BLK"
	   53 2E 42 4C 4B
 00001F35  000000F5 [		        BYTE    254-9 DUP(?)               ; Allow for some path
	    00
	   ]

				;  ******************** 
				;  *   BLOCK-HANDLE   *
				;  ******************** 
				;  
				%if 1
				        ENTRY   BHAN, 80H+12, "BLOCK-HANDL", "E"+80H, DOVAR
 0000202A 8C		     1	N_BHAN DB  80H+12
 0000202B  42 4C 4F 43 4B    1	        DB  "BLOCK-HANDL"
	   2D 48 41 4E 44
	   4C
 00002036  C5		     1	        DB  "E"+80H
 00002037  00001F17 R	     1	        DD  Link
 0000203B 00000714 R	     1	BHAN   DD  DOVAR
				%else
				%endif                           
 0000203F  FFFFFFFF		        DD      -1
				;
				;
				;
				;


				;  ****************** 
				;  *   DISK-ERROR   *
				;  ****************** 
				;  
				%if 1
				        ENTRY   DERR, 80H+10, "DISK-ERRO", "R"+80H, DOVAR
 00002043 8A		     1	N_DERR DB  80H+10
 00002044  44 49 53 4B 2D    1	        DB  "DISK-ERRO"
	   45 52 52 4F
 0000204D  D2		     1	        DB  "R"+80H
 0000204E  0000202A R	     1	        DD  Link
 00002052 00000714 R	     1	DERR   DD  DOVAR
				%else
				%endif                           
 00002056  FFFFFFFF		        DD      -1
				;
				;
				;



				;  ****************** 
				;  *   BLOCK-INIT   *
				;  ****************** 
				;  
				%if 1
				        CODE_ENTRY   BLINI, 80H+10, "BLOCK-INI", "T"+80H
 0000205A 8A		     1	N_BLINI DB  80H+10
 0000205B  42 4C 4F 43 4B    1	        DB  "BLOCK-INI"
	   2D 49 4E 49
 00002064  D4		     1	        DB  "T"+80H
 00002065  00002043 R	     1	        DD  Link
 00002069 0000206D R	     1	BLINI   DD  C_BLINI
 0000206D		     1	C_BLINI:
				%else
				%endif
 0000206D  33 C0		        XOR     EAX,EAX
 0000206F  A0 00001F2A R	        MOV     AL,BYTE PTR[(BLFL+CW)]
 00002074  8D 1D 00001F2B R	        LEA     EBX,(BLFL+CW)+1
 0000207A  53			        PUSH    EBX
 0000207B  50			        PUSH    EAX
 0000207C  E8 00000000 E	        CALL    c_block_init
 00002081  A3 00002056 R	        MOV     [(DERR+CW)],EAX
 00002086  8D 64 24 08		        LEA     ESP,[ESP+(CW*2)]    ; remove input
 0000208A  AD			        LODSD                 ; NEXT
 0000208B  8B D8		        MOV     EBX,EAX                  
 0000208D  FF 23		        JMP      DWORD PTR[EBX]   
				;

				;  ****************** 
				;  *   BLOCK-EXIT   *
				;  ****************** 
				;  
				%if 1
				        CODE_ENTRY   BLEXI, 80H+10, "BLOCK-EXI", "T"+80H
 0000208F 8A		     1	N_BLEXI DB  80H+10
 00002090  42 4C 4F 43 4B    1	        DB  "BLOCK-EXI"
	   2D 45 58 49
 00002099  D4		     1	        DB  "T"+80H
 0000209A  0000205A R	     1	        DD  Link
 0000209E 000020A2 R	     1	BLEXI   DD  C_BLEXI
 000020A2		     1	C_BLEXI:
				%else
				%endif                           
 000020A2  E8 00000000 E	        CALL    c_block_exit
 000020A7  AD			        LODSD                 ; NEXT
 000020A8  8B D8		        MOV     EBX,EAX                  
 000020AA  FF 23		        JMP      DWORD PTR[EBX]   
				;

				;      ( ADDR  BLK#  FLAG (0=W, 1=R)
				;  *********** 
				;  *   R/W   *
				;  *********** 
				;  
				%if 1
				        CODE_ENTRY   RSLW, 80H+3, "R/", "W"+80H
 000020AC 83		     1	N_RSLW DB  80H+3
 000020AD  52 2F	     1	        DB  "R/"
 000020AF  D7		     1	        DB  "W"+80H
 000020B0  0000208F R	     1	        DD  Link
 000020B4 000020B8 R	     1	RSLW   DD  C_RSLW
 000020B8		     1	C_RSLW:
				%else
				%endif                           
 000020B8  E8 00000000 E	        CALL c_readwrite
 000020BD  A3 00002056 R	        MOV     [(DERR+CW)],EAX
 000020C2  8D 64 24 0C		        LEA     ESP,[ESP+(CW*3)]    ; remove input
 000020C6  AD			        LODSD                 ; NEXT
 000020C7  8B D8		        MOV     EBX,EAX                  
 000020C9  FF 23		        JMP      DWORD PTR[EBX]   



				;  ********* 
				;  *   '   *
				;  ********* 
				;  
				%if 1
				        ENTRY_1   TICK, 80H+1+40H, "'"+80H, DOCOL
 000020CB C1		     1	N_TICK DB  80H+1+40H
 000020CC  A7		     1	        DB  "'"+80H
 000020CD  000020AC R	     1	        DD  Link
 000020D1 000006A1 R	     1	TICK   DD  DOCOL
				%else
				%endif                           
 000020D5  000012EB R		        DD      DFIND
 000020D9  00000489 R		        DD      ZEQU
 000020DD  0000074A R		        DD      ZERO
 000020E1  00000C5C R		        DD      QERR
 000020E5  0000053F R		        DD      DROP
 000020E9  000014FD R		        DD      LITER
 000020ED  00000422 R		        DD      SEMIS
				;

				;  ****************** 
				;  *   FORGET-VOC   *
				;  ****************** 
				;  
				%if 1
				        ENTRY   FORGV, 80H+10, "FORGET-VO", "C"+80H, DOCOL
 000020F1 8A		     1	N_FORGV DB  80H+10
 000020F2  46 4F 52 47 45    1	        DB  "FORGET-VO"
	   54 2D 56 4F
 000020FB  C3		     1	        DB  "C"+80H
 000020FC  000020CB R	     1	        DD  Link
 00002100 000006A1 R	     1	FORGV   DD  DOCOL
				%else
				%endif                           
 00002104  0000057C R		        DD      TDUP
 00002108  00000AAC R		        DD      ULESS
 0000210C  00000063 R		        DD      ZBRAN
 00002110  00000020		        DD      FORGV1-$
				;        Vocabulary itself is also forgotten.
 00002114  000016DA R		        DD      FORTH
 00002118  000016FC R		        DD      DEFIN
 0000211C  000005BD R		        DD      FETCH     ; Unlink by linking next vocabulary.
 00002120  000008AF R		        DD      VOCL
 00002124  000005FE R		        DD      STORE
 00002128  0000004C R		        DD      BRAN
 0000212C  0000004C		        DD      FORGV2-$
 00002130			FORGV1: ;  Forget part of contents.
 00002130  00000552 R		        DD      SWAP
 00002134  00000451 R		        DD      TOR
 00002138  00000023 R		        DD      LIT,2+(CW*1)
	   00000006
 00002140  00000A5D R		        DD      LSUB    ;  TOS is now phantom NFA.
 00002144  00000567 R		        DD      LDUP
 00002148			FORGV3:
 00002148  00000C18 R		        DD      PFA
 0000214C  00000BB8 R		        DD      LFA
 00002150  000005BD R		        DD      FETCH
 00002154  00000567 R		        DD      LDUP
 00002158  0000047E R		        DD      RR
 0000215C  00000AAC R		        DD      ULESS
 00002160  00000063 R		        DD      ZBRAN
 00002164  FFFFFFE4		        DD      FORGV3-$
 00002168  00000552 R		        DD      SWAP
 0000216C  000009BD R		        DD      TWOP    ;  Skip over " "-name.
 00002170  000005FE R		        DD      STORE
 00002174  00000468 R		        DD      FROMR
 00002178 00000422 R		FORGV2      DD      SEMIS
				;

				;  ************** 
				;  *   FORGET   *
				;  ************** 
				;  
				%if 1
				        ENTRY   FORG, 80H+6, "FORGE", "T"+80H, DOCOL
 0000217C 86		     1	N_FORG DB  80H+6
 0000217D  46 4F 52 47 45    1	        DB  "FORGE"
 00002182  D4		     1	        DB  "T"+80H
 00002183  000020F1 R	     1	        DD  Link
 00002187 000006A1 R	     1	FORG   DD  DOCOL
				%else
				%endif                           
 0000218B  000008FA R		        DD      CURR
 0000218F  000005BD R		        DD      FETCH
 00002193  000008E6 R		        DD      CONT
 00002197  000005BD R		        DD      FETCH
 0000219B  00000A5D R		        DD      LSUB
 0000219F  00000023 R		        DD      LIT,18H
	   00000018
 000021A7  00000C5C R		        DD      QERR
 000021AB  000020D1 R		        DD      TICK
 000021AF  00000567 R		        DD      LDUP
 000021B3  0000088B R		        DD      FENCE
 000021B7  000005BD R		        DD      FETCH
 000021BB  00000A87 R		        DD      LESS
 000021BF  00000023 R		        DD      LIT,15H
	   00000015
 000021C7  00000C5C R		        DD      QERR
 000021CB  00000567 R		        DD      LDUP
 000021CF  00000BF0 R		        DD      NFA
 000021D3  00000023 R		        DD      LIT,FORGV
	   00002100 R
 000021DB  00002647 R		        DD      FORV
 000021DF  0000053F R		        DD      DROP
 000021E3  00000422 R		        DD      SEMIS
				;

				;  ************ 
				;  *   BACK   *
				;  ************ 
				;  
				%if 1
				        ENTRY   BACK, 80H+4, "BAC", "K"+80H, DOCOL
 000021E7 84		     1	N_BACK DB  80H+4
 000021E8  42 41 43	     1	        DB  "BAC"
 000021EB  CB		     1	        DB  "K"+80H
 000021EC  0000217C R	     1	        DD  Link
 000021F0 000006A1 R	     1	BACK   DD  DOCOL
				%else
				%endif                           
 000021F4  000009EC R		        DD      HERE
 000021F8  00000A5D R		        DD      LSUB
 000021FC  00000A1C R		        DD      COMMA
 00002200  00000422 R		        DD      SEMIS
				;

				;  ************* 
				;  *   BEGIN   *
				;  ************* 
				;  
				%if 1
				        ENTRY   BEGIN, 80H+5+40H, "BEGI", "N"+80H, DOCOL
 00002204 C5		     1	N_BEGIN DB  80H+5+40H
 00002205  42 45 47 49	     1	        DB  "BEGI"
 00002209  CE		     1	        DB  "N"+80H
 0000220A  000021E7 R	     1	        DD  Link
 0000220E 000006A1 R	     1	BEGIN   DD  DOCOL
				%else
				%endif                           
 00002212  00000C8A R		        DD      QCOMP
 00002216  000009EC R		        DD      HERE
 0000221A  0000075C R		        DD      ONE
 0000221E  00000422 R		        DD      SEMIS
				;

				;  ************* 
				;  *   ENDIF   *
				;  ************* 
				;  
				%if 1
				        ENTRY   LENDIF, 80H+5+40H, "ENDI", "F"+80H, DOCOL
 00002222 C5		     1	N_LENDIF DB  80H+5+40H
 00002223  45 4E 44 49	     1	        DB  "ENDI"
 00002227  C6		     1	        DB  "F"+80H
 00002228  00002204 R	     1	        DD  Link
 0000222C 000006A1 R	     1	LENDIF   DD  DOCOL
				%else
				%endif                           
 00002230  00000C8A R		        DD      QCOMP
 00002234  00000771 R		        DD      TWO     ; Magic number
 00002238  00000CDB R		        DD      QPAIR
 0000223C  000009EC R		        DD      HERE
 00002240  00000528 R		        DD      OVER
 00002244  00000A5D R		        DD      LSUB
 00002248  00000552 R		        DD      SWAP
 0000224C  000005FE R		        DD      STORE
 00002250  00000422 R		        DD      SEMIS
				;

				;  ************ 
				;  *   THEN   *
				;  ************ 
				;  
				%if 1
				        ENTRY   THEN, 80H+4+40H, "THE", "N"+80H, DOCOL
 00002254 C4		     1	N_THEN DB  80H+4+40H
 00002255  54 48 45	     1	        DB  "THE"
 00002258  CE		     1	        DB  "N"+80H
 00002259  00002222 R	     1	        DD  Link
 0000225D 000006A1 R	     1	THEN   DD  DOCOL
				%else
				%endif                           
 00002261  0000222C R		        DD      LENDIF
 00002265  00000422 R		        DD      SEMIS
				;

				;  ********** 
				;  *   DO   *
				;  ********** 
				;  
				%if 1
				        ENTRY   DO, 80H+2+40H, "D", "O"+80H, DOCOL
 00002269 C2		     1	N_DO DB  80H+2+40H
 0000226A  44		     1	        DB  "D"
 0000226B  CF		     1	        DB  "O"+80H
 0000226C  00002254 R	     1	        DD  Link
 00002270 000006A1 R	     1	DO   DD  DOCOL
				%else
				%endif                           
 00002274  00000D59 R		        DD      COMP
 00002278  000000CE R		        DD      XDO
 0000227C  000009EC R		        DD      HERE
 00002280  00000786 R		        DD      THREE   ; Magic number
 00002284  00000422 R		        DD      SEMIS
				;

				;  ************ 
				;  *   LOOP   *
				;  ************ 
				;  
%if 1
				        ENTRY   LLOOP, 80H+4+40H, "LOO", "P"+80H, DOCOL
 00002288 C4		     1	N_LLOOP DB  80H+4+40H
 00002289  4C 4F 4F	     1	        DB  "LOO"
 0000228C  D0		     1	        DB  "P"+80H
 0000228D  00002269 R	     1	        DD  Link
 00002291 000006A1 R	     1	LLOOP   DD  DOCOL
				%else
				%endif                           
 00002295  00000786 R		        DD      THREE   ; Magic number
 00002299  00000CDB R		        DD      QPAIR
 0000229D  00000D59 R		        DD      COMP
 000022A1  00000091 R		        DD      XLOOP
 000022A5  000021F0 R		        DD      BACK
 000022A9  00000422 R		        DD      SEMIS
				;

				;  ************* 
				;  *   +LOOP   *
				;  ************* 
				;  
				%if 1
				        ENTRY   PLOOP, 80H+5+40H, "+LOO", "P"+80H, DOCOL
 000022AD C5		     1	N_PLOOP DB  80H+5+40H
 000022AE  2B 4C 4F 4F	     1	        DB  "+LOO"
 000022B2  D0		     1	        DB  "P"+80H
 000022B3  00002288 R	     1	        DD  Link
 000022B7 000006A1 R	     1	PLOOP   DD  DOCOL
				%else
				%endif                           
 000022BB  00000786 R		        DD      THREE   ; Magic number
 000022BF  00000CDB R		        DD      QPAIR
 000022C3  00000D59 R		        DD      COMP
 000022C7  000000BE R		        DD      XPLOO
 000022CB  000021F0 R		        DD      BACK
 000022CF  00000422 R		        DD      SEMIS
				;

				;  ************* 
				;  *   UNTIL   *
				;  ************* 
				;  
				%if 1
				        ENTRY   UNTIL, 80H+5+40H, "UNTI", "L"+80H, DOCOL
 000022D3 C5		     1	N_UNTIL DB  80H+5+40H
 000022D4  55 4E 54 49	     1	        DB  "UNTI"
 000022D8  CC		     1	        DB  "L"+80H
 000022D9  000022AD R	     1	        DD  Link
 000022DD 000006A1 R	     1	UNTIL   DD  DOCOL
				%else
				%endif                           
 000022E1  0000075C R		        DD      ONE
 000022E5  00000CDB R		        DD      QPAIR
 000022E9  00000D59 R		        DD      COMP
 000022ED  00000063 R		        DD      ZBRAN
 000022F1  000021F0 R		        DD      BACK
 000022F5  00000422 R		        DD      SEMIS
				;

				;  *********** 
				;  *   END   *
				;  *********** 
				;  
				%if 1
				        ENTRY   LEND, 80H+3+40H, "EN", "D"+80H, DOCOL
 000022F9 C3		     1	N_LEND DB  80H+3+40H
 000022FA  45 4E	     1	        DB  "EN"
 000022FC  C4		     1	        DB  "D"+80H
 000022FD  000022D3 R	     1	        DD  Link
 00002301 000006A1 R	     1	LEND   DD  DOCOL
				%else
				%endif                           
 00002305  000022DD R		        DD      UNTIL
 00002309  00000422 R		        DD      SEMIS
				;

				;  ************* 
				;  *   AGAIN   *
				;  ************* 
				;  
				%if 1
				        ENTRY   AGAIN, 80H+5+40H, "AGAI", "N"+80H, DOCOL
 0000230D C5		     1	N_AGAIN DB  80H+5+40H
 0000230E  41 47 41 49	     1	        DB  "AGAI"
 00002312  CE		     1	        DB  "N"+80H
 00002313  000022F9 R	     1	        DD  Link
 00002317 000006A1 R	     1	AGAIN   DD  DOCOL
				%else
				%endif                           
 0000231B  0000075C R		        DD      ONE
 0000231F  00000CDB R		        DD      QPAIR
 00002323  00000D59 R		        DD      COMP
 00002327  0000004C R		        DD      BRAN
 0000232B  000021F0 R		        DD      BACK
 0000232F  00000422 R		        DD      SEMIS
				;

				;  ************** 
				;  *   REPEAT   *
				;  ************** 
				;  
				%if 1
				        ENTRY   REPEA, 80H+6+40H, "REPEA", "T"+80H, DOCOL
 00002333 C6		     1	N_REPEA DB  80H+6+40H
 00002334  52 45 50 45 41    1	        DB  "REPEA"
 00002339  D4		     1	        DB  "T"+80H
 0000233A  0000230D R	     1	        DD  Link
 0000233E 000006A1 R	     1	REPEA   DD  DOCOL
				%else
				%endif                           
 00002342  00000451 R		        DD      TOR
 00002346  00000451 R		        DD      TOR
 0000234A  00002317 R		        DD      AGAIN
 0000234E  00000468 R		        DD      FROMR
 00002352  00000468 R		        DD      FROMR
 00002356  00000771 R		        DD      TWO     ; Magic number
 0000235A  00000A5D R		        DD      LSUB
 0000235E  0000222C R		        DD      LENDIF
 00002362  00000422 R		        DD      SEMIS
				;

				;  ********** 
				;  *   IF   *
				;  ********** 
				;  
				%if 1
				        ENTRY   LIF, 80H+2+40H, "I", "F"+80H, DOCOL
 00002366 C2		     1	N_LIF DB  80H+2+40H
 00002367  49		     1	        DB  "I"
 00002368  C6		     1	        DB  "F"+80H
 00002369  00002333 R	     1	        DD  Link
 0000236D 000006A1 R	     1	LIF   DD  DOCOL
				%else
				%endif                           
 00002371  00000D59 R		        DD      COMP
 00002375  00000063 R		        DD      ZBRAN
 00002379  000009EC R		        DD      HERE
 0000237D  0000074A R		        DD      ZERO
 00002381  00000A1C R		        DD      COMMA
 00002385  00000771 R		        DD      TWO     ; Magic number           
 00002389  00000422 R		        DD      SEMIS
				;

				;  ************ 
				;  *   ELSE   *
				;  ************ 
				;  
				%if 1
				        ENTRY   LELSE, 80H+4+40H, "ELS", "E"+80H, DOCOL
 0000238D C4		     1	N_LELSE DB  80H+4+40H
 0000238E  45 4C 53	     1	        DB  "ELS"
 00002391  C5		     1	        DB  "E"+80H
 00002392  00002366 R	     1	        DD  Link
 00002396 000006A1 R	     1	LELSE   DD  DOCOL
				%else
				%endif                           
 0000239A  00000771 R		        DD      TWO     ; Magic number 
 0000239E  00000CDB R		        DD      QPAIR
 000023A2  00000D59 R		        DD      COMP
 000023A6  0000004C R		        DD      BRAN
 000023AA  000009EC R		        DD      HERE
 000023AE  0000074A R		        DD      ZERO
 000023B2  00000A1C R		        DD      COMMA
 000023B6  00000552 R		        DD      SWAP
 000023BA  00000771 R		        DD      TWO     ; Magic number           
 000023BE  0000222C R		        DD      LENDIF
 000023C2  00000771 R		        DD      TWO     ; Magic number           
 000023C6  00000422 R		        DD      SEMIS
				;

				;  ************* 
				;  *   WHILE   *
				;  ************* 
				;  
				%if 1
				        ENTRY   WHIL, 80H+5+40H, "WHIL", "E"+80H, DOCOL
 000023CA C5		     1	N_WHIL DB  80H+5+40H
 000023CB  57 48 49 4C	     1	        DB  "WHIL"
 000023CF  C5		     1	        DB  "E"+80H
 000023D0  0000238D R	     1	        DD  Link
 000023D4 000006A1 R	     1	WHIL   DD  DOCOL
				%else
				%endif                           
 000023D8  0000236D R		        DD      LIF
 000023DC  000009BD R		        DD      TWOP        ; Magic number           
 000023E0  00000422 R		        DD      SEMIS
				;

				;  ************** 
				;  *   SPACES   *
				;  ************** 
				;  
				%if 1
				        ENTRY   SPACES, 80H+6, "SPACE", "S"+80H, DOCOL
 000023E4 86		     1	N_SPACES DB  80H+6
 000023E5  53 50 41 43 45    1	        DB  "SPACE"
 000023EA  D3		     1	        DB  "S"+80H
 000023EB  000023CA R	     1	        DD  Link
 000023EF 000006A1 R	     1	SPACES   DD  DOCOL
				%else
				%endif                           
 000023F3  0000074A R		        DD      ZERO
 000023F7  00001947 R		        DD      MAX
 000023FB  00000B34 R		        DD      DDUP
 000023FF  00000063 R		        DD      ZBRAN
 00002403  00000018		        DD      SPAX1-$
 00002407  0000074A R		        DD      ZERO
 0000240B  000000CE R		        DD      XDO     ;DO
 0000240F 00000B1B R		SPAX2      DD      SPACE
 00002413  00000091 R		        DD      XLOOP
 00002417  FFFFFFF8		        DD      SPAX2-$    ;LOOP
 0000241B 00000422 R		SPAX1      DD      SEMIS
				;

				;  ********** 
				;  *   <#   *
				;  ********** 
				;  
				%if 1
				        ENTRY   BDIGS, 80H+2, "<", "#"+80H, DOCOL
 0000241F 82		     1	N_BDIGS DB  80H+2
 00002420  3C		     1	        DB  "<"
 00002421  A3		     1	        DB  "#"+80H
 00002422  000023E4 R	     1	        DD  Link
 00002426 000006A1 R	     1	BDIGS   DD  DOCOL
				%else
				%endif                           
 0000242A  000010F8 R		        DD      PAD
 0000242E  0000096C R		        DD      HLD
 00002432  000005FE R		        DD      STORE
 00002436  00000422 R		        DD      SEMIS
				;

				;  ********** 
				;  *   #>   *
				;  ********** 
				;  
				%if 1
				        ENTRY   EDIGS, 80H+2, "#", ">"+80H, DOCOL
 0000243A 82		     1	N_EDIGS DB  80H+2
 0000243B  23		     1	        DB  "#"
 0000243C  BE		     1	        DB  ">"+80H
 0000243D  0000241F R	     1	        DD  Link
 00002441 000006A1 R	     1	EDIGS   DD  DOCOL
				%else
				%endif                           
 00002445  0000053F R		        DD      DROP
 00002449  0000053F R		        DD      DROP
 0000244D  0000096C R		        DD      HLD
 00002451  000005BD R		        DD      FETCH
 00002455  000010F8 R		        DD      PAD
 00002459  00000528 R		        DD      OVER
 0000245D  00000A5D R		        DD      LSUB
 00002461  00000422 R		        DD      SEMIS
				;

				;  ************ 
				;  *   SIGN   *
				;  ************ 
				;  
				%if 1
				        ENTRY   SIGN, 80H+4, "SIG", "N"+80H, DOCOL
 00002465 84		     1	N_SIGN DB  80H+4
 00002466  53 49 47	     1	        DB  "SIG"
 00002469  CE		     1	        DB  "N"+80H
 0000246A  0000243A R	     1	        DD  Link
 0000246E 000006A1 R	     1	SIGN   DD  DOCOL
				%else
				%endif                           
 00002472  00000B02 R		        DD      ROT
 00002476  000004A5 R		        DD      ZLESS
 0000247A  00000063 R		        DD      ZBRAN
 0000247E  00000010		        DD      SIGN1-$ ;IF
 00002482  00000023 R		        DD      LIT,2DH
	   0000002D
 0000248A  000010CC R		        DD      HOLD    ;ENDIF
 0000248E 00000422 R		SIGN1      DD      SEMIS
				;

				;  ********* 
				;  *   #   *
				;  ********* 
				;  
				%if 1
				        ENTRY_1   DIG, 80H+1, "#"+80H, DOCOL
 00002492 81		     1	N_DIG DB  80H+1
 00002493  A3		     1	        DB  "#"+80H
 00002494  00002465 R	     1	        DD  Link
 00002498 000006A1 R	     1	DIG   DD  DOCOL
				%else
				%endif                           
 0000249C  0000091D R		        DD      BASE
 000024A0  000005BD R		        DD      FETCH
 000024A4  00001A95 R		        DD      MSMOD
 000024A8  00000B02 R		        DD      ROT
 000024AC  00000023 R		        DD      LIT,9
	   00000009
 000024B4  00000528 R		        DD      OVER
 000024B8  00000A87 R		        DD      LESS
 000024BC  00000063 R		        DD      ZBRAN
 000024C0  00000010		        DD      DIG1-$  ;IF
 000024C4  00000023 R		        DD      LIT,7
	   00000007
 000024CC  000004C0 R		        DD      PLUS    ;ENDIF
 000024D0 00000023 R		DIG1      DD      LIT,30H
	   00000030
 000024D8  000004C0 R		        DD      PLUS
 000024DC  000010CC R		        DD      HOLD
 000024E0  00000422 R		        DD      SEMIS
				;

				;  ********** 
				;  *   #S   *
				;  ********** 
				;  
				%if 1
				        ENTRY   DIGS, 80H+2, "#", "S"+80H, DOCOL
 000024E4 82		     1	N_DIGS DB  80H+2
 000024E5  23		     1	        DB  "#"
 000024E6  D3		     1	        DB  "S"+80H
 000024E7  00002492 R	     1	        DD  Link
 000024EB 000006A1 R	     1	DIGS   DD  DOCOL
				%else
				%endif                           
 000024EF 00002498 R		DIGS1      DD      DIG     ;BEGIN
 000024F3  00000528 R		        DD      OVER
 000024F7  00000528 R		        DD      OVER
 000024FB  0000039B R		        DD      LOR
 000024FF  00000489 R		        DD      ZEQU
 00002503  00000063 R		        DD      ZBRAN
 00002507  FFFFFFE8		        DD      DIGS1-$ ;UNTIL
 0000250B  00000422 R		        DD      SEMIS
				;

				;  *********** 
				;  *   D.R   *
				;  *********** 
				;  
				%if 1
				        ENTRY   DDOTR, 80H+3, "D.", "R"+80H, DOCOL
 0000250F 83		     1	N_DDOTR DB  80H+3
 00002510  44 2E	     1	        DB  "D."
 00002512  D2		     1	        DB  "R"+80H
 00002513  000024E4 R	     1	        DD  Link
 00002517 000006A1 R	     1	DDOTR   DD  DOCOL
				%else
				%endif                           
 0000251B  00000451 R		        DD      TOR
 0000251F  00000552 R		        DD      SWAP
 00002523  00000528 R		        DD      OVER
 00002527  00001907 R		        DD      DABS
 0000252B  00002426 R		        DD      BDIGS
 0000252F  000024EB R		        DD      DIGS
 00002533  0000246E R		        DD      SIGN
 00002537  00002441 R		        DD      EDIGS
 0000253B  00000468 R		        DD      FROMR
 0000253F  00000528 R		        DD      OVER
 00002543  00000A5D R		        DD      LSUB
 00002547  000023EF R		        DD      SPACES
 0000254B  00001E93 R		        DD      LTYPE
 0000254F  00000422 R		        DD      SEMIS
				;

				;  ********** 
				;  *   .R   *
				;  ********** 
				;  
				%if 1
				        ENTRY   DOTR, 80H+2, ".", "R"+80H, DOCOL
 00002553 82		     1	N_DOTR DB  80H+2
 00002554  2E		     1	        DB  "."
 00002555  D2		     1	        DB  "R"+80H
 00002556  0000250F R	     1	        DD  Link
 0000255A 000006A1 R	     1	DOTR   DD  DOCOL
				%else
				%endif                           
 0000255E  00000451 R		        DD      TOR
 00002562  00001894 R		        DD      STOD
 00002566  00000468 R		        DD      FROMR
 0000256A  00002517 R		        DD      DDOTR
 0000256E  00000422 R		        DD      SEMIS
				;

				;  ********** 
				;  *   D.   *
				;  ********** 
				;  
				%if 1
				        ENTRY   DDOT, 80H+2, "D", "."+80H, DOCOL
 00002572 82		     1	N_DDOT DB  80H+2
 00002573  44		     1	        DB  "D"
 00002574  AE		     1	        DB  "."+80H
 00002575  00002553 R	     1	        DD  Link
 00002579 000006A1 R	     1	DDOT   DD  DOCOL
				%else
				%endif                           
 0000257D  0000074A R		        DD      ZERO
 00002581  00002517 R		        DD      DDOTR
 00002585  00000B1B R		        DD      SPACE
 00002589  00000422 R		        DD      SEMIS
				;

				;  ********* 
				;  *   .   *
				;  ********* 
				;  
				%if 1
				        ENTRY_1   DOT, 80H+1, "."+80H, DOCOL
 0000258D 81		     1	N_DOT DB  80H+1
 0000258E  AE		     1	        DB  "."+80H
 0000258F  00002572 R	     1	        DD  Link
 00002593 000006A1 R	     1	DOT   DD  DOCOL
				%else
				%endif                           
 00002597  00001894 R		        DD      STOD
 0000259B  00002579 R		        DD      DDOT
 0000259F  00000422 R		        DD      SEMIS
				;

				;  ********* 
				;  *   ?   *
				;  ********* 
				;  
				%if 1
				        ENTRY_1   QUES, 80H+1, "?"+80H, DOCOL
 000025A3 81		     1	N_QUES DB  80H+1
 000025A4  BF		     1	        DB  "?"+80H
 000025A5  0000258D R	     1	        DD  Link
 000025A9 000006A1 R	     1	QUES   DD  DOCOL
				%else
				%endif                           
 000025AD  000005BD R		        DD      FETCH
 000025B1  00002593 R		        DD      DOT
 000025B5  00000422 R		        DD      SEMIS
				;

				;  ********** 
				;  *   U.   *
				;  ********** 
				;  
				%if 1
				        ENTRY   UDOT, 80H+2, "U", "."+80H, DOCOL
 000025B9 82		     1	N_UDOT DB  80H+2
 000025BA  55		     1	        DB  "U"
 000025BB  AE		     1	        DB  "."+80H
 000025BC  000025A3 R	     1	        DD  Link
 000025C0 000006A1 R	     1	UDOT   DD  DOCOL
				%else
				%endif                           
 000025C4  0000074A R		        DD      ZERO
 000025C8  00002579 R		        DD      DDOT
 000025CC  00000422 R		        DD      SEMIS
				;

				;  ***************** 
				;  *   FOR-WORDS   *
				;  ***************** 
				;  
				%if 1
				        ENTRY   FORW, 80H+9, "FOR-WORD", "S"+80H, DOCOL
 000025D0 89		     1	N_FORW DB  80H+9
 000025D1  46 4F 52 2D 57    1	        DB  "FOR-WORD"
	   4F 52 44
 000025D9  D3		     1	        DB  "S"+80H
 000025DA  000025B9 R	     1	        DD  Link
 000025DE 000006A1 R	     1	FORW   DD  DOCOL
				%else
				%endif                           
 000025E2  00000451 R		        DD      TOR
 000025E6  000008E6 R		        DD      CONT
 000025EA  000005BD R		        DD      FETCH
 000025EE  000005BD R		        DD      FETCH
 000025F2  00000451 R		        DD      TOR
 000025F6 00000468 R		FORW1      DD      FROMR
 000025FA  0000047E R		        DD      RR
 000025FE  00000528 R		        DD      OVER
 00002602  00000C18 R		        DD      PFA
 00002606  00000BB8 R		        DD      LFA
 0000260A  000005BD R		        DD      FETCH
 0000260E  00000451 R		        DD      TOR
 00002612  0000003A R		        DD      EXEC
 00002616  0000047E R		        DD      RR
 0000261A  00000489 R		        DD      ZEQU
 0000261E  00000063 R		        DD      ZBRAN
 00002622  FFFFFFD4		        DD      FORW1-$
 00002626  00000468 R		        DD      FROMR
 0000262A  0000053F R		        DD      DROP
 0000262E  00000468 R		        DD      FROMR
 00002632  0000053F R		        DD      DROP
 00002636  00000422 R		        DD      SEMIS
				;

				;  **************** 
				;  *   FOR-VOCS   *
				;  **************** 
				;  
				%if 1
				        ENTRY   FORV, 80H+8, "FOR-VOC", "S"+80H, DOCOL
 0000263A 88		     1	N_FORV DB  80H+8
 0000263B  46 4F 52 2D 56    1	        DB  "FOR-VOC"
	   4F 43
 00002642  D3		     1	        DB  "S"+80H
 00002643  000025D0 R	     1	        DD  Link
 00002647 000006A1 R	     1	FORV   DD  DOCOL
				%else
				%endif                           
 0000264B  00000451 R		        DD      TOR
 0000264F  000008AF R		        DD      VOCL
 00002653  000005BD R		        DD      FETCH
 00002657  00000451 R		        DD      TOR
 0000265B 00000468 R		FORV1      DD      FROMR
 0000265F  0000047E R		        DD      RR
 00002663  00000528 R		        DD      OVER
 00002667  000005BD R		        DD      FETCH
 0000266B  00000451 R		        DD      TOR
 0000266F  0000003A R		        DD      EXEC
 00002673  0000047E R		        DD      RR
 00002677  00000489 R		        DD      ZEQU
 0000267B  00000063 R		        DD      ZBRAN
 0000267F  FFFFFFDC		        DD      FORV1-$
 00002683  00000468 R		        DD      FROMR
 00002687  0000053F R		        DD      DROP
 0000268B  00000468 R		        DD      FROMR
 0000268F  0000053F R		        DD      DROP
 00002693  00000422 R		        DD      SEMIS
				;

				;  ************* 
				;  *   VLIST   *
				;  ************* 
				;  
				%if 1
				        ENTRY   VLIST, 80H+5, "VLIS", "T"+80H, DOCOL
 00002697 85		     1	N_VLIST DB  80H+5
 00002698  56 4C 49 53	     1	        DB  "VLIS"
 0000269C  D4		     1	        DB  "T"+80H
 0000269D  0000263A R	     1	        DD  Link
 000026A1 000006A1 R	     1	VLIST   DD  DOCOL
				%else
				%endif                           
 000026A5  000007AC R		        DD      CSLL
 000026A9  0000098B R		        DD      LOUT                    ; ### TODO: nobody is looking at OUT anyway?
 000026AD  000005FE R		        DD      STORE
 000026B1  00000023 R		        DD      LIT, IDDOT
	   000013B4 R
 000026B9  000025DE R		        DD      FORW
 000026BD  00000422 R		        DD      SEMIS
				;
				;
				;


				;  *********** 
				;  *   BYE   *
				;  *********** 
				;  
				%if 1
				        CODE_ENTRY   BYE, 80H+3, "BY", "E"+80H
 000026C1 83		     1	N_BYE DB  80H+3
 000026C2  42 59	     1	        DB  "BY"
 000026C4  C5		     1	        DB  "E"+80H
 000026C5  00002697 R	     1	        DD  Link
 000026C9 000026CD R	     1	BYE   DD  C_BYE
 000026CD		     1	C_BYE:
				%else
				%endif                           
				; TODO: FIX this to just RET to C caller. This crashes as things stand - why?

 000026CD  C3			         RET
				  
				;

				;  ************ 
				;  *   LIST   *
				;  ************ 
				;  
				%if 1
				        ENTRY   LLIST, 80H+4, "LIS", "T"+80H, DOCOL
 000026CE 84		     1	N_LLIST DB  80H+4
 000026CF  4C 49 53	     1	        DB  "LIS"
 000026D2  D4		     1	        DB  "T"+80H
 000026D3  000026C1 R	     1	        DD  Link
 000026D7 000006A1 R	     1	LLIST   DD  DOCOL
				%else
				%endif                           
 000026DB  00000E04 R		        DD      DECA
 000026DF  0000030D R		        DD      CR,LDUP
	   00000567 R
 000026E7  000008D2 R		        DD      SCR,STORE
	   000005FE R
 000026EF  00000F4B R		        DD      PDOTQ
				        
 000026F3  06			        DB      6
 000026F4  53 43 52 20 23	        DB      "SCR # "
	   20
 000026FA  00002593 R		        DD      DOT
 000026FE  00000023 R		        DD      LIT,10H
	   00000010
 00002706  0000074A R		        DD      ZERO,XDO
	   000000CE R
 0000270E 0000030D R		LIST1      DD      CR,IDO
	   000000E5 R
 00002716  00000023 R		        DD      LIT,3
	   00000003
 0000271E  0000255A R		        DD      DOTR,SPACE
	   00000B1B R
 00002726  000000E5 R		        DD      IDO,SCR
	   000008D2 R
 0000272E  000005BD R		        DD      FETCH,DLINE
	   00001B12 R
 00002736  00001EE7 R		        DD      QTERM   ; ?TERMINAL
 0000273A  00000063 R		        DD      ZBRAN
 0000273E  00000008		        DD      LIST2-$
 00002742  0000043B R		        DD      LLEAV
 00002746 00000091 R		LIST2      DD      XLOOP
 0000274A  FFFFFFC4		        DD      LIST1-$
 0000274E  0000030D R		        DD      CR,SEMIS
	   00000422 R
				;

				;  ************* 
				;  *   INDEX   *
				;  ************* 
				;  
				%if 1
				        ENTRY   INDEX, 80H+5, "INDE", "X"+80H, DOCOL
 00002756 85		     1	N_INDEX DB  80H+5
 00002757  49 4E 44 45	     1	        DB  "INDE"
 0000275B  D8		     1	        DB  "X"+80H
 0000275C  000026CE R	     1	        DD  Link
 00002760 000006A1 R	     1	INDEX   DD  DOCOL
				%else
				%endif                           
 00002764  00000023 R		        DD      LIT,FF
	   0000000C
 0000276C  00001EFF R		        DD      EMIT,CR
	   0000030D R
 00002774  000009AA R		        DD      ONEP,SWAP
	   00000552 R
 0000277C  000000CE R		        DD      XDO
 00002780 0000030D R		INDE1      DD      CR,IDO
	   000000E5 R
 00002788  00000023 R		        DD      LIT,3
	   00000003
 00002790  0000255A R		        DD      DOTR,SPACE
	   00000B1B R
 00002798  0000074A R		        DD      ZERO,IDO
	   000000E5 R
 000027A0  00001B12 R		        DD      DLINE,QTERM
	   00001EE7 R
 000027A8  00000063 R		        DD      ZBRAN
 000027AC  00000008		        DD      INDE2-$
 000027B0  0000043B R		        DD      LLEAV
 000027B4 00000091 R		INDE2      DD      XLOOP
 000027B8  FFFFFFC8		        DD      INDE1-$
 000027BC  00000422 R		        DD      SEMIS
				;

				;  ************* 
				;  *   TRIAD   *
				;  ************* 
				;  
				%if 1
				        ENTRY   TRIAD, 80H+5, "TRIA", "D"+80H, DOCOL
 000027C0 85		     1	N_TRIAD DB  80H+5
 000027C1  54 52 49 41	     1	        DB  "TRIA"
 000027C5  C4		     1	        DB  "D"+80H
 000027C6  00002756 R	     1	        DD  Link
 000027CA 000006A1 R	     1	TRIAD   DD  DOCOL
				%else
				%endif                           
 000027CE  00000023 R		        DD      LIT,FF
	   0000000C
 000027D6  00001EFF R		        DD      EMIT
 000027DA  00000023 R		        DD      LIT,3
	   00000003
 000027E2  00001A22 R		        DD      SLASH
 000027E6  00000023 R		        DD      LIT,3
	   00000003
 000027EE  000019EB R		        DD      STAR
 000027F2  00000023 R		        DD      LIT,3
	   00000003
 000027FA  00000528 R		        DD      OVER,PLUS
	   000004C0 R
 00002802  00000552 R		        DD      SWAP,XDO
	   000000CE R
 0000280A 0000030D R		TRIA1      DD      CR,IDO
	   000000E5 R
 00002812  000026D7 R		        DD      LLIST
 00002816  00001EE7 R		        DD      QTERM   ; ?TERMINAL
 0000281A  00000063 R		        DD      ZBRAN
 0000281E  00000008		        DD      TRIA2-$
 00002822  0000043B R		        DD      LLEAV   ;LEAVE
 00002826 00000091 R		TRIA2      DD      XLOOP
 0000282A  FFFFFFE0		        DD      TRIA1-$    ;ENDIF
 0000282E  0000030D R		        DD      CR
 00002832  00000422 R		        DD      SEMIS
				; This word is not even fig!

				;  ************ 
				;  *   .CPU   *
				;  ************ 
				;  
				%if 1
				        ENTRY   DOTCPU, 80H+4, ".CP", "U"+80H, DOCOL
 00002836 84		     1	N_DOTCPU DB  80H+4
 00002837  2E 43 50	     1	        DB  ".CP"
 0000283A  D5		     1	        DB  "U"+80H
 0000283B  000027C0 R	     1	        DD  Link
 0000283F 000006A1 R	     1	DOTCPU   DD  DOCOL
				%else
				%endif                           
				; PRINT CPU TYPE (80386)
 00002843  0000091D R		        DD      BASE,FETCH
	   000005BD R
 0000284B  00000023 R		        DD      LIT,36
	   00000024
 00002853  0000091D R		        DD      BASE,STORE
	   000005FE R
 0000285B  00000023 R		        DD      LIT,(CW*12),PORIG ;
	   00000030
	   000000FE R
 00002867  000005E7 R		        DD      TFET

 0000286B  00000023 R		        DD      LIT, 10000H, STAR, PLUS, ZERO
	   00010000
	   000019EB R
	   000004C0 R
	   0000074A R
				;
 0000287F  00002579 R		        DD      DDOT
 00002883  0000091D R		        DD      BASE,STORE
	   000005FE R
 0000288B  00000422 R		        DD      SEMIS
				;
				;           CODE LEVEL "MATCH" DEFINITIONS
				;

				;  ************* 
				;  *   MATCH   *
				;  ************* 
				;  
				%if 1
				        CODE_ENTRY   MATCH, 80H+5, "MATC", "H"+80H
 0000288F 85		     1	N_MATCH DB  80H+5
 00002890  4D 41 54 43	     1	        DB  "MATC"
 00002894  C8		     1	        DB  "H"+80H
 00002895  00002836 R	     1	        DD  Link
 00002899 0000289D R	     1	MATCH   DD  C_MATCH
 0000289D		     1	C_MATCH:
				%else
				%endif                           
 0000289D  8B FE		        MOV     EDI,ESI   ; SAVE IP
 0000289F  59			        POP     ECX      ; STRING COUNT
 000028A0  5B			        POP     EBX      ;STRING ADDR
 000028A1  5A			        POP     EDX      ;BYTES LEFT TO SEARCH
 000028A2  5E			        POP     ESI      ;CURSOR ADDR
 000028A3  56			        PUSH    ESI      ;SAVE COPY
 000028A4  AC			MAT1:   LODSB           ;GET FIRST BYTE
 000028A5  3A 03		        CMP     AL,[EBX] ;MATCH?
 000028A7  75 12		        JNZ     MAT3    ;NO
 000028A9  53			        PUSH    EBX      ;SAVE STRING ADDR
 000028AA  51			        PUSH    ECX      ; &   STRING COUNT
 000028AB  56			        PUSH    ESI      ; &   CURSOR ADDR
				; TRY TO MATCH REMAINING CHARS IN STRING
				;
 000028AC  49			MAT2:   DEC     ECX      ;STR. COUNT -1
 000028AD  74 11		        JZ      MATCHOK ;EXIT - MATCH FOUND
 000028AF  4A			        DEC     EDX      ;BYTES LEFT -1
 000028B0  74 0E		        JZ      NOMATCH ;EXIT - NO MATCH
 000028B2  43			        INC     EBX      ;NEXT STR CHAR ADDR
 000028B3  AC			        LODSB           ;GET FIRST BYTE
 000028B4  3A 03		        CMP     AL,[EBX] ;MATCH?
 000028B6  74 F4		        JZ      MAT2    ;YES, GET MORE
				; NO MATCH YET
 000028B8  5E			        POP     ESI
 000028B9  59			        POP     ECX
 000028BA  5B			        POP     EBX      ;RESTORE POINTERS
 000028BB  4A			MAT3:   DEC     EDX      ;BYTE LEFT COUNT -1
 000028BC  75 E6		        JNZ     MAT1    ;START OVER
 000028BE  EB 03		        JMP     MAT4    ;EXIT...NO MATCH
 000028C0			MATCHOK:
 000028C0			NOMATCH:
 000028C0  59			        POP     ECX      ;ADJUST STACK
 000028C1  59			        POP     ECX      ;FOR EXIT
 000028C2  59			        POP     ECX
				; EXIT HERE: DX = TRUE/FALSE FLAG ( 0=NO MATCH)
				;
 000028C3  8B C6		MAT4:   MOV     EAX,ESI   ;NEW CURSOR ADDR
 000028C5  5E			        POP     ESI      ;GET STARTING ADDR
 000028C6  2B C6		        SUB     EAX,ESI   ;COMPUTE CURSOR OFFSET
 000028C8  8B F7		        MOV     ESI,EDI   ;GET BACK UP
 000028CA  52			        PUSH    EDX
 000028CB  50			        PUSH    EAX
 000028CC  AD			        LODSD                 ; NEXT
 000028CD  8B D8		        MOV     EBX,EAX                  
 000028CF  FF 23		        JMP      DWORD PTR[EBX]             ; BYE..BYE
				        ;
				;
				;
				;**** LAST DICTIONARY WORD ****

				;  ************ 
				;  *   TASK   *
				;  ************ 
				;  
				%if 1
				        ENTRY   TASK, 80H+4, "TAS", "K"+80H, DOCOL
 000028D1 84		     1	N_TASK DB  80H+4
 000028D2  54 41 53	     1	        DB  "TAS"
 000028D5  CB		     1	        DB  "K"+80H
 000028D6  0000288F R	     1	        DD  Link
 000028DA 000006A1 R	     1	TASK   DD  DOCOL
				%else
				%endif                           
 000028DE  00000422 R		        DD      SEMIS
				;
				 ;

				%if 0
				%endif


				;       This is the proper way to do it.
				;       No memory addresses should be arrived at through equates.
				;       However now we must teach the linker to keep the
				;       two sections together.

 000028E2 = 000028E2		FORTHSIZE       EQU     $-figforth

				       ;  section dictionary nobits write exec alloc

 000028E2			INITDP:                 ;  It may be that it is not consecutive with TASK
				                        ;  And that is a hell of a problem.
 = 00000810			        BUFFERSIZE      EQU  (KBBUF+2*CW)*NBUF

				; Allow 1MB (1048576) for dictionary growth.
 000028E2  000ECE0E [		       BYTE        1048576 - FORTHSIZE - RTS - US - BUFFERSIZE DUP(?)
	    00
	   ]
 000EF6F0			INITS0:                         ; Growns down
 000EF6F0			STRTIB: 
 000EF6F0  00010000 [		        BYTE        RTS DUP(?)            ; Start return stack area
	    00
	   ]
 000FF6F0			INITR0:                         ; Grows down
 000FF6F0			STRUSA: 
 000FF6F0  00000100 [		        BYTE        US DUP(?)             ; User area
	    00
	   ]
 000FF7F0			BUF1:   
 000FF7F0  00000810 [		        BYTE        BUFFERSIZE DUP(?)     ; FIRST DISK BUFFER
	    00
	   ]
 00100000			EM:
				;
				;

				 ;    ENDS
				        ;
				%if 0
				%endif

				; Define the entry point, not valid for auto booting.
				        ;     ORIG

 00100000			figforth endp
				end 
Microsoft (R) Macro Assembler Version 14.29.30159.0	    10/04/26 19:19:58
forth32.asm						     Symbols 2 - 1




Macros:

                N a m e                 Type

CODE_ENTRY_1 . . . . . . . . . .	Proc
CODE_ENTRY . . . . . . . . . . .	Proc
ENTRY_1  . . . . . . . . . . . .	Proc
ENTRY  . . . . . . . . . . . . .	Proc
NEXT . . . . . . . . . . . . . .	Proc


Segments and Groups:

                N a m e                 Size     Length   Align   Combine Class

FLAT . . . . . . . . . . . . . .	GROUP
STACK  . . . . . . . . . . . . .	32 Bit	 00001000 DWord	  Stack	  'STACK'	 
_DATA  . . . . . . . . . . . . .	32 Bit	 00000000 DWord	  Public  'DATA'	
_TEXT  . . . . . . . . . . . . .	32 Bit	 00100000 DWord	  Public  'CODE'	


Procedures, parameters, and locals:

                N a m e                 Type     Value    Attr

figforth . . . . . . . . . . . .	P Near	 00000000 _TEXT	Length= 00000000 Public C
  ENDIF1 . . . . . . . . . . . .	L Near	 0000000F _TEXT	
  DPUSH  . . . . . . . . . . . .	L Near	 00000014 _TEXT	
  APUSH  . . . . . . . . . . . .	L Near	 00000015 _TEXT	
  NEXT0  . . . . . . . . . . . .	L Near	 00000016 _TEXT	
  NEXT1  . . . . . . . . . . . .	L Near	 00000017 _TEXT	
  DP0  . . . . . . . . . . . . .	L Near	 0000001B _TEXT	
  C_LIT  . . . . . . . . . . . .	L Near	 00000027 _TEXT	
  C_EXEC . . . . . . . . . . . .	L Near	 0000003E _TEXT	
  C_BRAN . . . . . . . . . . . .	L Near	 00000050 _TEXT	
  BRAN1  . . . . . . . . . . . .	L Near	 00000050 _TEXT	
  C_ZBRAN  . . . . . . . . . . .	L Near	 00000067 _TEXT	
  C_NOOP . . . . . . . . . . . .	L Near	 00000081 _TEXT	
  C_XLOOP  . . . . . . . . . . .	L Near	 00000095 _TEXT	
  XLOO1  . . . . . . . . . . . .	L Near	 0000009A _TEXT	
  C_XPLOO  . . . . . . . . . . .	L Near	 000000C2 _TEXT	
  C_XDO  . . . . . . . . . . . .	L Near	 000000D2 _TEXT	
  C_IDO  . . . . . . . . . . . .	L Near	 000000E9 _TEXT	
  BOOTUP . . . . . . . . . . . .	L Near	 00000112 _TEXT	
  USINI  . . . . . . . . . . . .	L Near	 0000012A _TEXT	
  C_DIGIT  . . . . . . . . . . .	L Near	 00000238 _TEXT	
  DIGI1  . . . . . . . . . . . .	L Near	 00000248 _TEXT	
  DIGI2  . . . . . . . . . . . .	L Near	 00000259 _TEXT	
  C_PFIND  . . . . . . . . . . .	L Near	 00000270 _TEXT	
  PFIN1  . . . . . . . . . . . .	L Near	 00000272 _TEXT	
  PFIN2  . . . . . . . . . . . .	L Near	 0000027E _TEXT	
  PFIN5  . . . . . . . . . . . .	L Near	 0000029F _TEXT	
  PFIN5A . . . . . . . . . . . .	L Near	 000002A2 _TEXT	
  PFIN6  . . . . . . . . . . . .	L Near	 000002A8 _TEXT	
  C_ENCL . . . . . . . . . . . .	L Near	 000002C9 _TEXT	
  ENCL1  . . . . . . . . . . . .	L Near	 000002D4 _TEXT	
  ENCL2  . . . . . . . . . . . .	L Near	 000002E9 _TEXT	
  ENCL3  . . . . . . . . . . . .	L Near	 000002F3 _TEXT	
  ENCL4  . . . . . . . . . . . .	L Near	 000002FC _TEXT	
  C_LCMOVE . . . . . . . . . . .	L Near	 0000032F _TEXT	
  C_USTAR  . . . . . . . . . . .	L Near	 00000349 _TEXT	
  C_USLAS  . . . . . . . . . . .	L Near	 00000360 _TEXT	
  DZERO  . . . . . . . . . . . .	L Near	 00000370 _TEXT	
  C_LAND . . . . . . . . . . . .	L Near	 0000038A _TEXT	
  C_LOR  . . . . . . . . . . . .	L Near	 0000039F _TEXT	
  C_LXOR . . . . . . . . . . . .	L Near	 000003B5 _TEXT	
  C_SPFET  . . . . . . . . . . .	L Near	 000003CB _TEXT	
  C_SPSTO  . . . . . . . . . . .	L Near	 000003DF _TEXT	
  C_RPFET  . . . . . . . . . . .	L Near	 000003F9 _TEXT	
  C_RPSTO  . . . . . . . . . . .	L Near	 0000040D _TEXT	
  C_SEMIS  . . . . . . . . . . .	L Near	 00000426 _TEXT	
  C_LLEAV  . . . . . . . . . . .	L Near	 0000043F _TEXT	
  C_TOR  . . . . . . . . . . . .	L Near	 00000455 _TEXT	
  C_FROMR  . . . . . . . . . . .	L Near	 0000046C _TEXT	
  C_ZEQU . . . . . . . . . . . .	L Near	 0000048D _TEXT	
  ZEQU1  . . . . . . . . . . . .	L Near	 00000498 _TEXT	
  C_ZLESS  . . . . . . . . . . .	L Near	 000004A9 _TEXT	
  ZLESS1 . . . . . . . . . . . .	L Near	 000004B4 _TEXT	
  C_PLUS . . . . . . . . . . . .	L Near	 000004C4 _TEXT	
  C_DPLUS  . . . . . . . . . . .	L Near	 000004D9 _TEXT	
  C_MINUS  . . . . . . . . . . .	L Near	 000004F6 _TEXT	
  C_DMINU  . . . . . . . . . . .	L Near	 0000050E _TEXT	
  C_OVER . . . . . . . . . . . .	L Near	 0000052C _TEXT	
  C_DROP . . . . . . . . . . . .	L Near	 00000543 _TEXT	
  C_SWAP . . . . . . . . . . . .	L Near	 00000556 _TEXT	
  C_LDUP . . . . . . . . . . . .	L Near	 0000056B _TEXT	
  C_TDUP . . . . . . . . . . . .	L Near	 00000580 _TEXT	
  C_PSTOR  . . . . . . . . . . .	L Near	 00000596 _TEXT	
  C_TOGGL  . . . . . . . . . . .	L Near	 000005AE _TEXT	
  C_FETCH  . . . . . . . . . . .	L Near	 000005C1 _TEXT	
  C_CFET . . . . . . . . . . . .	L Near	 000005D5 _TEXT	
  C_TFET . . . . . . . . . . . .	L Near	 000005EB _TEXT	
  C_STORE  . . . . . . . . . . .	L Near	 00000602 _TEXT	
  C_CSTOR  . . . . . . . . . . .	L Near	 00000616 _TEXT	
  C_TSTOR  . . . . . . . . . . .	L Near	 0000062A _TEXT	
  C_LFET . . . . . . . . . . . .	L Near	 00000642 _TEXT	
  C_LSTORE . . . . . . . . . . .	L Near	 00000660 _TEXT	
  DOCOL  . . . . . . . . . . . .	L Near	 000006A1 _TEXT	
  DOCON  . . . . . . . . . . . .	L Near	 000006F2 _TEXT	
  DOVAR  . . . . . . . . . . . .	L Near	 00000714 _TEXT	
  DOUSE  . . . . . . . . . . . .	L Near	 00000732 _TEXT	
  C_ZERO . . . . . . . . . . . .	L Near	 0000074E _TEXT	
  C_ONE  . . . . . . . . . . . .	L Near	 00000760 _TEXT	
  C_TWO  . . . . . . . . . . . .	L Near	 00000775 _TEXT	
  C_THREE  . . . . . . . . . . .	L Near	 0000078A _TEXT	
  C_ONEP . . . . . . . . . . . .	L Near	 000009AE _TEXT	
  C_TWOP . . . . . . . . . . . .	L Near	 000009C1 _TEXT	
  C_CELLP  . . . . . . . . . . .	L Near	 000009D9 _TEXT	
  C_LSUB . . . . . . . . . . . .	L Near	 00000A61 _TEXT	
  C_LESS . . . . . . . . . . . .	L Near	 00000A8B _TEXT	
  LES1 . . . . . . . . . . . . .	L Near	 00000A95 _TEXT	
  LES2 . . . . . . . . . . . . .	L Near	 00000A9F _TEXT	
  C_ROT  . . . . . . . . . . . .	L Near	 00000B06 _TEXT	
  DODOE  . . . . . . . . . . . .	L Near	 00000EA8 _TEXT	
  C_FILL . . . . . . . . . . . .	L Near	 00001083 _TEXT	
  WRM  . . . . . . . . . . . . .	L Near	 000017E3 _TEXT	
  LCLD . . . . . . . . . . . . .	L Near	 00001807 _TEXT	
  CLD1 . . . . . . . . . . . . .	L Near	 0000181E _TEXT	
  C_STOD . . . . . . . . . . . .	L Near	 00001898 _TEXT	
  STOD1  . . . . . . . . . . . .	L Near	 000018A0 _TEXT	
  C_LTYPE  . . . . . . . . . . .	L Near	 00001E97 _TEXT	
  C_EXPEC  . . . . . . . . . . .	L Near	 00001EB4 _TEXT	
  C_LKEY . . . . . . . . . . . .	L Near	 00001ECE _TEXT	
  C_QTERM  . . . . . . . . . . .	L Near	 00001EEB _TEXT	
  C_BLINI  . . . . . . . . . . .	L Near	 0000206D _TEXT	
  C_BLEXI  . . . . . . . . . . .	L Near	 000020A2 _TEXT	
  C_RSLW . . . . . . . . . . . .	L Near	 000020B8 _TEXT	
  FORGV1 . . . . . . . . . . . .	L Near	 00002130 _TEXT	
  FORGV3 . . . . . . . . . . . .	L Near	 00002148 _TEXT	
  C_BYE  . . . . . . . . . . . .	L Near	 000026CD _TEXT	
  C_MATCH  . . . . . . . . . . .	L Near	 0000289D _TEXT	
  MAT1 . . . . . . . . . . . . .	L Near	 000028A4 _TEXT	
  MAT2 . . . . . . . . . . . . .	L Near	 000028AC _TEXT	
  MAT3 . . . . . . . . . . . . .	L Near	 000028BB _TEXT	
  MATCHOK  . . . . . . . . . . .	L Near	 000028C0 _TEXT	
  NOMATCH  . . . . . . . . . . .	L Near	 000028C0 _TEXT	
  MAT4 . . . . . . . . . . . . .	L Near	 000028C3 _TEXT	
  INITDP . . . . . . . . . . . .	L Near	 000028E2 _TEXT	
  INITS0 . . . . . . . . . . . .	L Near	 000EF6F0 _TEXT	
  STRTIB . . . . . . . . . . . .	L Near	 000EF6F0 _TEXT	
  INITR0 . . . . . . . . . . . .	L Near	 000FF6F0 _TEXT	
  STRUSA . . . . . . . . . . . .	L Near	 000FF6F0 _TEXT	
  BUF1 . . . . . . . . . . . . .	L Near	 000FF7F0 _TEXT	
  EM . . . . . . . . . . . . . .	L Near	 00100000 _TEXT	


Symbols:

                N a m e                 Type     Value    Attr

@CodeSize  . . . . . . . . . . .	Number	 00000000h   
@DataSize  . . . . . . . . . . .	Number	 00000000h   
@Interface . . . . . . . . . . .	Number	 00000001h   
@Model . . . . . . . . . . . . .	Number	 00000007h   
@code  . . . . . . . . . . . . .	Text   	 _TEXT
@data  . . . . . . . . . . . . .	Text   	 FLAT
@fardata?  . . . . . . . . . . .	Text   	 FLAT
@fardata . . . . . . . . . . . .	Text   	 FLAT
@stack . . . . . . . . . . . . .	Text   	 FLAT
ABL  . . . . . . . . . . . . . .	Number	 00000020h   
ABORT  . . . . . . . . . . . . .	DWord	 00001788 _TEXT	
ACR  . . . . . . . . . . . . . .	Number	 0000000Dh   
ADOT . . . . . . . . . . . . . .	Number	 0000002Eh   
AGAIN  . . . . . . . . . . . . .	DWord	 00002317 _TEXT	
ALLOT  . . . . . . . . . . . . .	DWord	 00000A06 _TEXT	
ARROW  . . . . . . . . . . . . .	DWord	 00001E52 _TEXT	
BACK . . . . . . . . . . . . . .	DWord	 000021F0 _TEXT	
BASE . . . . . . . . . . . . . .	DWord	 0000091D _TEXT	
BBUF . . . . . . . . . . . . . .	DWord	 000007F1 _TEXT	
BCOMP  . . . . . . . . . . . . .	DWord	 000014CD _TEXT	
BDIGS  . . . . . . . . . . . . .	DWord	 00002426 _TEXT	
BEGIN  . . . . . . . . . . . . .	DWord	 0000220E _TEXT	
BELL . . . . . . . . . . . . . .	Number	 00000007h   
BHAN . . . . . . . . . . . . . .	DWord	 0000203B _TEXT	
BLANK  . . . . . . . . . . . . .	DWord	 000010B3 _TEXT	
BLEXI  . . . . . . . . . . . . .	DWord	 0000209E _TEXT	
BLFL . . . . . . . . . . . . . .	DWord	 00001F26 _TEXT	
BLINI  . . . . . . . . . . . . .	DWord	 00002069 _TEXT	
BLK  . . . . . . . . . . . . . .	DWord	 0000099B _TEXT	
BLOC1  . . . . . . . . . . . . .	DWord	 00001DA3 _TEXT	
BLOC2  . . . . . . . . . . . . .	DWord	 00001D3B _TEXT	
BLOC3  . . . . . . . . . . . . .	DWord	 00001D73 _TEXT	
BLOCK  . . . . . . . . . . . . .	DWord	 00001CF3 _TEXT	
BLS  . . . . . . . . . . . . . .	DWord	 0000079C _TEXT	
BMASK  . . . . . . . . . . . . .	Number	 -80000000h   
BOOTADDRESS  . . . . . . . . . .	Number	 00007C00h   
BPS  . . . . . . . . . . . . . .	Number	 00000200h   
BRAN . . . . . . . . . . . . . .	DWord	 0000004C _TEXT	
BSCR . . . . . . . . . . . . . .	DWord	 00000803 _TEXT	
BSIN . . . . . . . . . . . . . .	Number	 00000008h   
BSOUT  . . . . . . . . . . . . .	Number	 00000008h   
BUFF1  . . . . . . . . . . . . .	DWord	 00001C7D _TEXT	
BUFF2  . . . . . . . . . . . . .	DWord	 00001CC9 _TEXT	
BUFFERSIZE . . . . . . . . . . .	Number	 00000810h   
BUFFE  . . . . . . . . . . . . .	DWord	 00001C69 _TEXT	
BUILD  . . . . . . . . . . . . .	DWord	 00000E76 _TEXT	
BYE  . . . . . . . . . . . . . .	DWord	 000026C9 _TEXT	
CCOMM  . . . . . . . . . . . . .	DWord	 00000A3F _TEXT	
CELLP  . . . . . . . . . . . . .	DWord	 000009D5 _TEXT	
CFA  . . . . . . . . . . . . . .	DWord	 00000BD4 _TEXT	
CFET . . . . . . . . . . . . . .	DWord	 000005D1 _TEXT	
COLD . . . . . . . . . . . . . .	DWord	 0000182B _TEXT	
COLON  . . . . . . . . . . . . .	DWord	 00000679 _TEXT	
COMMA  . . . . . . . . . . . . .	DWord	 00000A1C _TEXT	
COMP . . . . . . . . . . . . . .	DWord	 00000D59 _TEXT	
CONT . . . . . . . . . . . . . .	DWord	 000008E6 _TEXT	
CON  . . . . . . . . . . . . . .	DWord	 000006DE _TEXT	
COUNT  . . . . . . . . . . . . .	DWord	 00000EC4 _TEXT	
CPUNM  . . . . . . . . . . . . .	DWord	 0000015A _TEXT	
CREA1  . . . . . . . . . . . . .	DWord	 00001453 _TEXT	
CREAT  . . . . . . . . . . . . .	DWord	 0000140B _TEXT	
CR . . . . . . . . . . . . . . .	DWord	 0000030D _TEXT	
CSLL . . . . . . . . . . . . . .	DWord	 000007AC _TEXT	
CSTOR  . . . . . . . . . . . . .	DWord	 00000612 _TEXT	
CURR . . . . . . . . . . . . . .	DWord	 000008FA _TEXT	
CW . . . . . . . . . . . . . . .	Number	 00000004h   
DABS . . . . . . . . . . . . . .	DWord	 00001907 _TEXT	
DDOTR  . . . . . . . . . . . . .	DWord	 00002517 _TEXT	
DDOT . . . . . . . . . . . . . .	DWord	 00002579 _TEXT	
DDUP1  . . . . . . . . . . . . .	DWord	 00000B48 _TEXT	
DDUP . . . . . . . . . . . . . .	DWord	 00000B34 _TEXT	
DECA . . . . . . . . . . . . . .	DWord	 00000E04 _TEXT	
DEFIN  . . . . . . . . . . . . .	DWord	 000016FC _TEXT	
DERR . . . . . . . . . . . . . .	DWord	 00002052 _TEXT	
DFIN1  . . . . . . . . . . . . .	DWord	 0000132B _TEXT	
DFIND  . . . . . . . . . . . . .	DWord	 000012EB _TEXT	
DIG1 . . . . . . . . . . . . . .	DWord	 000024D0 _TEXT	
DIGIT  . . . . . . . . . . . . .	DWord	 00000234 _TEXT	
DIGS1  . . . . . . . . . . . . .	DWord	 000024EF _TEXT	
DIGS . . . . . . . . . . . . . .	DWord	 000024EB _TEXT	
DIG  . . . . . . . . . . . . . .	DWord	 00002498 _TEXT	
DLINE  . . . . . . . . . . . . .	DWord	 00001B12 _TEXT	
DLIT1  . . . . . . . . . . . . .	DWord	 0000154E _TEXT	
DLITE  . . . . . . . . . . . . .	DWord	 0000152E _TEXT	
DMINU  . . . . . . . . . . . . .	DWord	 0000050A _TEXT	
DOES . . . . . . . . . . . . . .	DWord	 00000E90 _TEXT	
DOTCPU . . . . . . . . . . . . .	DWord	 0000283F _TEXT	
DOTQ1  . . . . . . . . . . . . .	DWord	 00000FBA _TEXT	
DOTQ2  . . . . . . . . . . . . .	DWord	 00000FCA _TEXT	
DOTQ . . . . . . . . . . . . . .	DWord	 00000F7A _TEXT	
DOTR . . . . . . . . . . . . . .	DWord	 0000255A _TEXT	
DOT  . . . . . . . . . . . . . .	DWord	 00002593 _TEXT	
DOVOC  . . . . . . . . . . . . .	DWord	 000016C0 _TEXT	
DO . . . . . . . . . . . . . . .	DWord	 00002270 _TEXT	
DPLUS  . . . . . . . . . . . . .	DWord	 000004D5 _TEXT	
DPL  . . . . . . . . . . . . . .	DWord	 0000092D _TEXT	
DPM1 . . . . . . . . . . . . . .	DWord	 000018E2 _TEXT	
DPM  . . . . . . . . . . . . . .	DWord	 000018CE _TEXT	
DROP . . . . . . . . . . . . . .	DWord	 0000053F _TEXT	
DTRA1  . . . . . . . . . . . . .	DWord	 00000EFA _TEXT	
DTRA2  . . . . . . . . . . . . .	DWord	 00000F2E _TEXT	
DTRA3  . . . . . . . . . . . . .	DWord	 00000F36 _TEXT	
DTRAI  . . . . . . . . . . . . .	DWord	 00000EEA _TEXT	
EDIGS  . . . . . . . . . . . . .	DWord	 00002441 _TEXT	
EMIT . . . . . . . . . . . . . .	DWord	 00001EFF _TEXT	
ENCL . . . . . . . . . . . . . .	DWord	 000002C5 _TEXT	
EQUAL  . . . . . . . . . . . . .	DWord	 00000A71 _TEXT	
ERRO1  . . . . . . . . . . . . .	DWord	 0000136D _TEXT	
ERRO2  . . . . . . . . . . . . .	DWord	 000013A8 _TEXT	
ERROR  . . . . . . . . . . . . .	DWord	 00001351 _TEXT	
EXEC . . . . . . . . . . . . . .	DWord	 0000003A _TEXT	
EXPEC  . . . . . . . . . . . . .	DWord	 00001EB0 _TEXT	
FENCE  . . . . . . . . . . . . .	DWord	 0000088B _TEXT	
FETCH  . . . . . . . . . . . . .	DWord	 000005BD _TEXT	
FF . . . . . . . . . . . . . . .	Number	 0000000Ch   
FIGREL . . . . . . . . . . . . .	Number	 00000002h   
FIGREV . . . . . . . . . . . . .	Number	 00000000h   
FILL . . . . . . . . . . . . . .	DWord	 0000107F _TEXT	
FIRST  . . . . . . . . . . . . .	DWord	 000007BE _TEXT	
FLUS1  . . . . . . . . . . . . .	DWord	 00001DD1 _TEXT	
FLUSH  . . . . . . . . . . . . .	DWord	 00001DBD _TEXT	
FORGV2 . . . . . . . . . . . . .	DWord	 00002178 _TEXT	
FORGV  . . . . . . . . . . . . .	DWord	 00002100 _TEXT	
FORG . . . . . . . . . . . . . .	DWord	 00002187 _TEXT	
FORTHSIZE  . . . . . . . . . . .	Number	 000028E2h   
FORTH  . . . . . . . . . . . . .	DWord	 000016DA _TEXT	
FORV1  . . . . . . . . . . . . .	DWord	 0000265B _TEXT	
FORV . . . . . . . . . . . . . .	DWord	 00002647 _TEXT	
FORW1  . . . . . . . . . . . . .	DWord	 000025F6 _TEXT	
FORW . . . . . . . . . . . . . .	DWord	 000025DE _TEXT	
FROMR  . . . . . . . . . . . . .	DWord	 00000468 _TEXT	
GREAT  . . . . . . . . . . . . .	DWord	 00000AEA _TEXT	
HEADS  . . . . . . . . . . . . .	Number	 00000002h   
HERE . . . . . . . . . . . . . .	DWord	 000009EC _TEXT	
HEX  . . . . . . . . . . . . . .	DWord	 00000DE0 _TEXT	
HLD  . . . . . . . . . . . . . .	DWord	 0000096C _TEXT	
HOLD . . . . . . . . . . . . . .	DWord	 000010CC _TEXT	
IDDOT  . . . . . . . . . . . . .	DWord	 000013B4 _TEXT	
IDO  . . . . . . . . . . . . . .	DWord	 000000E5 _TEXT	
IMMED  . . . . . . . . . . . . .	DWord	 00001645 _TEXT	
INDE1  . . . . . . . . . . . . .	DWord	 00002780 _TEXT	
INDE2  . . . . . . . . . . . . .	DWord	 000027B4 _TEXT	
INDEX  . . . . . . . . . . . . .	DWord	 00002760 _TEXT	
INTE1  . . . . . . . . . . . . .	DWord	 000015B7 _TEXT	
INTE2  . . . . . . . . . . . . .	DWord	 000015FB _TEXT	
INTE3  . . . . . . . . . . . . .	DWord	 000015E7 _TEXT	
INTE4  . . . . . . . . . . . . .	DWord	 000015EF _TEXT	
INTE5  . . . . . . . . . . . . .	DWord	 0000162F _TEXT	
INTE6  . . . . . . . . . . . . .	DWord	 00001623 _TEXT	
INTE7  . . . . . . . . . . . . .	DWord	 0000162B _TEXT	
INTER  . . . . . . . . . . . . .	DWord	 000015B3 _TEXT	
KBBUF  . . . . . . . . . . . . .	Number	 00000400h   
LABS . . . . . . . . . . . . . .	DWord	 000018EE _TEXT	
LAND . . . . . . . . . . . . . .	DWord	 00000386 _TEXT	
LATES  . . . . . . . . . . . . .	DWord	 00000B9C _TEXT	
LBRAC  . . . . . . . . . . . . .	DWord	 00000D83 _TEXT	
LCMOVE . . . . . . . . . . . . .	DWord	 0000032B _TEXT	
LCSP . . . . . . . . . . . . . .	DWord	 0000094D _TEXT	
LDP  . . . . . . . . . . . . . .	DWord	 0000089A _TEXT	
LDUP . . . . . . . . . . . . . .	DWord	 00000567 _TEXT	
LELSE  . . . . . . . . . . . . .	DWord	 00002396 _TEXT	
LEM  . . . . . . . . . . . . . .	DWord	 000007DF _TEXT	
LENDIF . . . . . . . . . . . . .	DWord	 0000222C _TEXT	
LEND . . . . . . . . . . . . . .	DWord	 00002301 _TEXT	
LERASE . . . . . . . . . . . . .	DWord	 00001098 _TEXT	
LESS . . . . . . . . . . . . . .	DWord	 00000A87 _TEXT	
LFA  . . . . . . . . . . . . . .	DWord	 00000BB8 _TEXT	
LFET . . . . . . . . . . . . . .	DWord	 0000063E _TEXT	
LFLD . . . . . . . . . . . . . .	DWord	 0000093D _TEXT	
LF . . . . . . . . . . . . . . .	Number	 0000000Ah   
LIF  . . . . . . . . . . . . . .	DWord	 0000236D _TEXT	
LIMIT  . . . . . . . . . . . . .	DWord	 000007D0 _TEXT	
LIN  . . . . . . . . . . . . . .	DWord	 0000097B _TEXT	
LIST1  . . . . . . . . . . . . .	DWord	 0000270E _TEXT	
LIST2  . . . . . . . . . . . . .	DWord	 00002746 _TEXT	
LITE1  . . . . . . . . . . . . .	DWord	 0000151D _TEXT	
LITER  . . . . . . . . . . . . .	DWord	 000014FD _TEXT	
LIT  . . . . . . . . . . . . . .	DWord	 00000023 _TEXT	
LKEY . . . . . . . . . . . . . .	DWord	 00001ECA _TEXT	
LLEAV  . . . . . . . . . . . . .	DWord	 0000043B _TEXT	
LLIST  . . . . . . . . . . . . .	DWord	 000026D7 _TEXT	
LLOOP  . . . . . . . . . . . . .	DWord	 00002291 _TEXT	
LMOD . . . . . . . . . . . . . .	DWord	 00001A3E _TEXT	
LOAD . . . . . . . . . . . . . .	DWord	 00001DF2 _TEXT	
LOR  . . . . . . . . . . . . . .	DWord	 0000039B _TEXT	
LOUT . . . . . . . . . . . . . .	DWord	 0000098B _TEXT	
LSTORE . . . . . . . . . . . . .	DWord	 0000065C _TEXT	
LSUB . . . . . . . . . . . . . .	DWord	 00000A5D _TEXT	
LTYPE  . . . . . . . . . . . . .	DWord	 00001E93 _TEXT	
LWORD  . . . . . . . . . . . . .	DWord	 00001119 _TEXT	
LXOR . . . . . . . . . . . . . .	DWord	 000003B1 _TEXT	
Link . . . . . . . . . . . . . .	Number	 000028D1h   
MATCH  . . . . . . . . . . . . .	DWord	 00002899 _TEXT	
MAX1 . . . . . . . . . . . . . .	DWord	 0000195F _TEXT	
MAX  . . . . . . . . . . . . . .	DWord	 00001947 _TEXT	
MEDIA  . . . . . . . . . . . . .	Number	 000000F0h   
MESS1  . . . . . . . . . . . . .	DWord	 00001B6A _TEXT	
MESS2  . . . . . . . . . . . . .	DWord	 00001B62 _TEXT	
MESS3  . . . . . . . . . . . . .	DWord	 00001B79 _TEXT	
MESS . . . . . . . . . . . . . .	DWord	 00001B32 _TEXT	
MIN1 . . . . . . . . . . . . . .	DWord	 00001937 _TEXT	
MINUS  . . . . . . . . . . . . .	DWord	 000004F2 _TEXT	
MIN  . . . . . . . . . . . . . .	DWord	 0000191F _TEXT	
MSLAS  . . . . . . . . . . . . .	DWord	 000019A1 _TEXT	
MSMOD  . . . . . . . . . . . . .	DWord	 00001A95 _TEXT	
MSTAR  . . . . . . . . . . . . .	DWord	 0000196E _TEXT	
MTBUF  . . . . . . . . . . . . .	DWord	 00001C42 _TEXT	
NBUF . . . . . . . . . . . . . .	Number	 00000002h   
NFAT . . . . . . . . . . . . . .	Number	 00000002h   
NFA  . . . . . . . . . . . . . .	DWord	 00000BF0 _TEXT	
NOBUF  . . . . . . . . . . . . .	DWord	 00001BA8 _TEXT	
NOOP . . . . . . . . . . . . . .	DWord	 0000007D _TEXT	
NULL1  . . . . . . . . . . . . .	DWord	 0000106A _TEXT	
NULL2  . . . . . . . . . . . . .	DWord	 00001062 _TEXT	
NULL3  . . . . . . . . . . . . .	DWord	 00001072 _TEXT	
NULL . . . . . . . . . . . . . .	DWord	 00001006 _TEXT	
NUMB1  . . . . . . . . . . . . .	DWord	 0000127D _TEXT	
NUMB2  . . . . . . . . . . . . .	DWord	 000012C9 _TEXT	
NUMB3  . . . . . . . . . . . . .	DWord	 000012DD _TEXT	
NUMB . . . . . . . . . . . . . .	DWord	 00001241 _TEXT	
N_ABORT  . . . . . . . . . . . .	Byte	 0000177E _TEXT	
N_AGAIN  . . . . . . . . . . . .	Byte	 0000230D _TEXT	
N_ALLOT  . . . . . . . . . . . .	Byte	 000009FC _TEXT	
N_ARROW  . . . . . . . . . . . .	Byte	 00001E4A _TEXT	
N_BACK . . . . . . . . . . . . .	Byte	 000021E7 _TEXT	
N_BASE . . . . . . . . . . . . .	Byte	 00000914 _TEXT	
N_BBUF . . . . . . . . . . . . .	Byte	 000007E7 _TEXT	
N_BCOMP  . . . . . . . . . . . .	Byte	 000014BF _TEXT	
N_BDIGS  . . . . . . . . . . . .	Byte	 0000241F _TEXT	
N_BEGIN  . . . . . . . . . . . .	Byte	 00002204 _TEXT	
N_BHAN . . . . . . . . . . . . .	Byte	 0000202A _TEXT	
N_BLANK  . . . . . . . . . . . .	Byte	 000010A8 _TEXT	
N_BLEXI  . . . . . . . . . . . .	Byte	 0000208F _TEXT	
N_BLFL . . . . . . . . . . . . .	Byte	 00001F17 _TEXT	
N_BLINI  . . . . . . . . . . . .	Byte	 0000205A _TEXT	
N_BLK  . . . . . . . . . . . . .	Byte	 00000993 _TEXT	
N_BLOCK  . . . . . . . . . . . .	Byte	 00001CE9 _TEXT	
N_BLS  . . . . . . . . . . . . .	Byte	 00000795 _TEXT	
N_BRAN . . . . . . . . . . . . .	Byte	 00000041 _TEXT	
N_BSCR . . . . . . . . . . . . .	Byte	 000007F9 _TEXT	
N_BUFFE  . . . . . . . . . . . .	Byte	 00001C5E _TEXT	
N_BUILD  . . . . . . . . . . . .	Byte	 00000E6A _TEXT	
N_BYE  . . . . . . . . . . . . .	Byte	 000026C1 _TEXT	
N_CCOMM  . . . . . . . . . . . .	Byte	 00000A38 _TEXT	
N_CELLP  . . . . . . . . . . . .	Byte	 000009CB _TEXT	
N_CFA  . . . . . . . . . . . . .	Byte	 00000BCC _TEXT	
N_CFET . . . . . . . . . . . . .	Byte	 000005CA _TEXT	
N_COLD . . . . . . . . . . . . .	Byte	 00001822 _TEXT	
N_COLON  . . . . . . . . . . . .	Byte	 00000673 _TEXT	
N_COMMA  . . . . . . . . . . . .	Byte	 00000A16 _TEXT	
N_COMP . . . . . . . . . . . . .	Byte	 00000D4D _TEXT	
N_CONT . . . . . . . . . . . . .	Byte	 000008DA _TEXT	
N_CON  . . . . . . . . . . . . .	Byte	 000006D1 _TEXT	
N_COUNT  . . . . . . . . . . . .	Byte	 00000EBA _TEXT	
N_CREAT  . . . . . . . . . . . .	Byte	 00001400 _TEXT	
N_CR . . . . . . . . . . . . . .	Byte	 00000306 _TEXT	
N_CSLL . . . . . . . . . . . . .	Byte	 000007A4 _TEXT	
N_CSTOR  . . . . . . . . . . . .	Byte	 0000060B _TEXT	
N_CURR . . . . . . . . . . . . .	Byte	 000008EE _TEXT	
N_DABS . . . . . . . . . . . . .	Byte	 000018FE _TEXT	
N_DDOTR  . . . . . . . . . . . .	Byte	 0000250F _TEXT	
N_DDOT . . . . . . . . . . . . .	Byte	 00002572 _TEXT	
N_DDUP . . . . . . . . . . . . .	Byte	 00000B2B _TEXT	
N_DECA . . . . . . . . . . . . .	Byte	 00000DF8 _TEXT	
N_DEFIN  . . . . . . . . . . . .	Byte	 000016EC _TEXT	
N_DERR . . . . . . . . . . . . .	Byte	 00002043 _TEXT	
N_DFIND  . . . . . . . . . . . .	Byte	 000012E1 _TEXT	
N_DIGIT  . . . . . . . . . . . .	Byte	 0000022A _TEXT	
N_DIGS . . . . . . . . . . . . .	Byte	 000024E4 _TEXT	
N_DIG  . . . . . . . . . . . . .	Byte	 00002492 _TEXT	
N_DLINE  . . . . . . . . . . . .	Byte	 00001B08 _TEXT	
N_DLITE  . . . . . . . . . . . .	Byte	 00001521 _TEXT	
N_DMINU  . . . . . . . . . . . .	Byte	 000004FF _TEXT	
N_DOES . . . . . . . . . . . . .	Byte	 00000E86 _TEXT	
N_DOTCPU . . . . . . . . . . . .	Byte	 00002836 _TEXT	
N_DOTQ . . . . . . . . . . . . .	Byte	 00000F73 _TEXT	
N_DOTR . . . . . . . . . . . . .	Byte	 00002553 _TEXT	
N_DOT  . . . . . . . . . . . . .	Byte	 0000258D _TEXT	
N_DO . . . . . . . . . . . . . .	Byte	 00002269 _TEXT	
N_DPLUS  . . . . . . . . . . . .	Byte	 000004CE _TEXT	
N_DPL  . . . . . . . . . . . . .	Byte	 00000925 _TEXT	
N_DPM  . . . . . . . . . . . . .	Byte	 000018C6 _TEXT	
N_DROP . . . . . . . . . . . . .	Byte	 00000536 _TEXT	
N_DTRAI  . . . . . . . . . . . .	Byte	 00000EDC _TEXT	
N_EDIGS  . . . . . . . . . . . .	Byte	 0000243A _TEXT	
N_EMIT . . . . . . . . . . . . .	Byte	 00001EF6 _TEXT	
N_ENCL . . . . . . . . . . . . .	Byte	 000002B9 _TEXT	
N_EQUAL  . . . . . . . . . . . .	Byte	 00000A6B _TEXT	
N_ERROR  . . . . . . . . . . . .	Byte	 00001347 _TEXT	
N_EXEC . . . . . . . . . . . . .	Byte	 0000002E _TEXT	
N_EXPEC  . . . . . . . . . . . .	Byte	 00001EA5 _TEXT	
N_FENCE  . . . . . . . . . . . .	Byte	 00000881 _TEXT	
N_FETCH  . . . . . . . . . . . .	Byte	 000005B7 _TEXT	
N_FILL . . . . . . . . . . . . .	Byte	 00001076 _TEXT	
N_FIRST  . . . . . . . . . . . .	Byte	 000007B4 _TEXT	
N_FLUSH  . . . . . . . . . . . .	Byte	 00001DB3 _TEXT	
N_FORGV  . . . . . . . . . . . .	Byte	 000020F1 _TEXT	
N_FORG . . . . . . . . . . . . .	Byte	 0000217C _TEXT	
N_FORTH  . . . . . . . . . . . .	Byte	 000016D0 _TEXT	
N_FORV . . . . . . . . . . . . .	Byte	 0000263A _TEXT	
N_FORW . . . . . . . . . . . . .	Byte	 000025D0 _TEXT	
N_FROMR  . . . . . . . . . . . .	Byte	 00000461 _TEXT	
N_GREAT  . . . . . . . . . . . .	Byte	 00000AE4 _TEXT	
N_HERE . . . . . . . . . . . . .	Byte	 000009E3 _TEXT	
N_HEX  . . . . . . . . . . . . .	Byte	 00000DD8 _TEXT	
N_HLD  . . . . . . . . . . . . .	Byte	 00000964 _TEXT	
N_HOLD . . . . . . . . . . . . .	Byte	 000010C3 _TEXT	
N_IDDOT  . . . . . . . . . . . .	Byte	 000013AC _TEXT	
N_IDO  . . . . . . . . . . . . .	Byte	 000000DF _TEXT	
N_IMMED  . . . . . . . . . . . .	Byte	 00001637 _TEXT	
N_INDEX  . . . . . . . . . . . .	Byte	 00002756 _TEXT	
N_INTER  . . . . . . . . . . . .	Byte	 000015A5 _TEXT	
N_LABS . . . . . . . . . . . . .	Byte	 000018E6 _TEXT	
N_LAND . . . . . . . . . . . . .	Byte	 0000037E _TEXT	
N_LATES  . . . . . . . . . . . .	Byte	 00000B91 _TEXT	
N_LBRAC  . . . . . . . . . . . .	Byte	 00000D7D _TEXT	
N_LCMOVE . . . . . . . . . . . .	Byte	 00000321 _TEXT	
N_LCSP . . . . . . . . . . . . .	Byte	 00000945 _TEXT	
N_LDP  . . . . . . . . . . . . .	Byte	 00000893 _TEXT	
N_LDUP . . . . . . . . . . . . .	Byte	 0000055F _TEXT	
N_LELSE  . . . . . . . . . . . .	Byte	 0000238D _TEXT	
N_LEM  . . . . . . . . . . . . .	Byte	 000007D8 _TEXT	
N_LENDIF . . . . . . . . . . . .	Byte	 00002222 _TEXT	
N_LEND . . . . . . . . . . . . .	Byte	 000022F9 _TEXT	
N_LERASE . . . . . . . . . . . .	Byte	 0000108E _TEXT	
N_LESS . . . . . . . . . . . . .	Byte	 00000A81 _TEXT	
N_LFA  . . . . . . . . . . . . .	Byte	 00000BB0 _TEXT	
N_LFET . . . . . . . . . . . . .	Byte	 00000637 _TEXT	
N_LFLD . . . . . . . . . . . . .	Byte	 00000935 _TEXT	
N_LIF  . . . . . . . . . . . . .	Byte	 00002366 _TEXT	
N_LIMIT  . . . . . . . . . . . .	Byte	 000007C6 _TEXT	
N_LIN  . . . . . . . . . . . . .	Byte	 00000974 _TEXT	
N_LITER  . . . . . . . . . . . .	Byte	 000014F1 _TEXT	
N_LIT  . . . . . . . . . . . . .	Byte	 0000001B _TEXT	
N_LKEY . . . . . . . . . . . . .	Byte	 00001EC2 _TEXT	
N_LLEAV  . . . . . . . . . . . .	Byte	 00000431 _TEXT	
N_LLIST  . . . . . . . . . . . .	Byte	 000026CE _TEXT	
N_LLOOP  . . . . . . . . . . . .	Byte	 00002288 _TEXT	
N_LMOD . . . . . . . . . . . . .	Byte	 00001A36 _TEXT	
N_LOAD . . . . . . . . . . . . .	Byte	 00001DE9 _TEXT	
N_LOR  . . . . . . . . . . . . .	Byte	 00000394 _TEXT	
N_LOUT . . . . . . . . . . . . .	Byte	 00000983 _TEXT	
N_LSTORE . . . . . . . . . . . .	Byte	 00000655 _TEXT	
N_LSUB . . . . . . . . . . . . .	Byte	 00000A57 _TEXT	
N_LTYPE  . . . . . . . . . . . .	Byte	 00001E8A _TEXT	
N_LWORD  . . . . . . . . . . . .	Byte	 00001110 _TEXT	
N_LXOR . . . . . . . . . . . . .	Byte	 000003A9 _TEXT	
N_MATCH  . . . . . . . . . . . .	Byte	 0000288F _TEXT	
N_MAX  . . . . . . . . . . . . .	Byte	 0000193F _TEXT	
N_MESS . . . . . . . . . . . . .	Byte	 00001B26 _TEXT	
N_MINUS  . . . . . . . . . . . .	Byte	 000004E8 _TEXT	
N_MIN  . . . . . . . . . . . . .	Byte	 00001917 _TEXT	
N_MSLAS  . . . . . . . . . . . .	Byte	 0000199A _TEXT	
N_MSMOD  . . . . . . . . . . . .	Byte	 00001A8B _TEXT	
N_MSTAR  . . . . . . . . . . . .	Byte	 00001967 _TEXT	
N_MTBUF  . . . . . . . . . . . .	Byte	 00001C30 _TEXT	
N_NFA  . . . . . . . . . . . . .	Byte	 00000BE8 _TEXT	
N_NOBUF  . . . . . . . . . . . .	Byte	 00001B9E _TEXT	
N_NOOP . . . . . . . . . . . . .	Byte	 00000074 _TEXT	
N_NULL . . . . . . . . . . . . .	Byte	 00001000 _TEXT	
N_NUMB . . . . . . . . . . . . .	Byte	 00001236 _TEXT	
N_OFSET  . . . . . . . . . . . .	Byte	 000008B7 _TEXT	
N_ONEP . . . . . . . . . . . . .	Byte	 000009A3 _TEXT	
N_ONE  . . . . . . . . . . . . .	Byte	 00000756 _TEXT	
N_OVER . . . . . . . . . . . . .	Byte	 0000051F _TEXT	
N_PABOR  . . . . . . . . . . . .	Byte	 0000132F _TEXT	
N_PAD  . . . . . . . . . . . . .	Byte	 000010F0 _TEXT	
N_PAREN  . . . . . . . . . . . .	Byte	 00001714 _TEXT	
N_PBUF . . . . . . . . . . . . .	Byte	 00001BB0 _TEXT	
N_PDOTQ  . . . . . . . . . . . .	Byte	 00000F42 _TEXT	
N_PFA  . . . . . . . . . . . . .	Byte	 00000C10 _TEXT	
N_PFIND  . . . . . . . . . . . .	Byte	 00000261 _TEXT	
N_PLINE  . . . . . . . . . . . .	Byte	 00001AC1 _TEXT	
N_PLOOP  . . . . . . . . . . . .	Byte	 000022AD _TEXT	
N_PLUS . . . . . . . . . . . . .	Byte	 000004BA _TEXT	
N_PM . . . . . . . . . . . . . .	Byte	 000018A7 _TEXT	
N_PNUMB  . . . . . . . . . . . .	Byte	 000011A5 _TEXT	
N_PORIG  . . . . . . . . . . . .	Byte	 000000F2 _TEXT	
N_PREV . . . . . . . . . . . . .	Byte	 00001B8D _TEXT	
N_PSCOD  . . . . . . . . . . . .	Byte	 00000E1C _TEXT	
N_PSTOR  . . . . . . . . . . . .	Byte	 0000058B _TEXT	
N_QCOMP  . . . . . . . . . . . .	Byte	 00000C80 _TEXT	
N_QCSP . . . . . . . . . . . . .	Byte	 00000CF3 _TEXT	
N_QERR . . . . . . . . . . . . .	Byte	 00000C51 _TEXT	
N_QEXEC  . . . . . . . . . . . .	Byte	 00000CAA _TEXT	
N_QLOAD  . . . . . . . . . . . .	Byte	 00000D20 _TEXT	
N_QPAIR  . . . . . . . . . . . .	Byte	 00000CD0 _TEXT	
N_QSTAC  . . . . . . . . . . . .	Byte	 00001552 _TEXT	
N_QTERM  . . . . . . . . . . . .	Byte	 00001ED9 _TEXT	
N_QUERY  . . . . . . . . . . . .	Byte	 00000FCE _TEXT	
N_QUES . . . . . . . . . . . . .	Byte	 000025A3 _TEXT	
N_QUIT . . . . . . . . . . . . .	Byte	 0000172E _TEXT	
N_RBRAC  . . . . . . . . . . . .	Byte	 00000D97 _TEXT	
N_REPEA  . . . . . . . . . . . .	Byte	 00002333 _TEXT	
N_RNUM . . . . . . . . . . . . .	Byte	 00000955 _TEXT	
N_ROT  . . . . . . . . . . . . .	Byte	 00000AFA _TEXT	
N_RPFET  . . . . . . . . . . . .	Byte	 000003ED _TEXT	
N_RPSTO  . . . . . . . . . . . .	Byte	 00000401 _TEXT	
N_RR . . . . . . . . . . . . . .	Byte	 00000478 _TEXT	
N_RSLW . . . . . . . . . . . . .	Byte	 000020AC _TEXT	
N_RUBOUT . . . . . . . . . . . .	Byte	 0000081A _TEXT	
N_RZERO  . . . . . . . . . . . .	Byte	 0000083C _TEXT	
N_SCR  . . . . . . . . . . . . .	Byte	 000008CA _TEXT	
N_SCSP . . . . . . . . . . . . .	Byte	 00000C34 _TEXT	
N_SEMIC  . . . . . . . . . . . .	Byte	 00000E44 _TEXT	
N_SEMIS  . . . . . . . . . . . .	Byte	 0000041B _TEXT	
N_SEMI . . . . . . . . . . . . .	Byte	 000006AF _TEXT	
N_SIGN . . . . . . . . . . . . .	Byte	 00002465 _TEXT	
N_SLASH  . . . . . . . . . . . .	Byte	 00001A1C _TEXT	
N_SLMOD  . . . . . . . . . . . .	Byte	 000019FB _TEXT	
N_SMUDG  . . . . . . . . . . . .	Byte	 00000DB5 _TEXT	
N_SPACES . . . . . . . . . . . .	Byte	 000023E4 _TEXT	
N_SPACE  . . . . . . . . . . . .	Byte	 00000B11 _TEXT	
N_SPFET  . . . . . . . . . . . .	Byte	 000003BF _TEXT	
N_SPSTO  . . . . . . . . . . . .	Byte	 000003D3 _TEXT	
N_SSLA . . . . . . . . . . . . .	Byte	 00001A70 _TEXT	
N_SSMOD  . . . . . . . . . . . .	Byte	 00001A4E _TEXT	
N_STAR . . . . . . . . . . . . .	Byte	 000019E5 _TEXT	
N_STATE  . . . . . . . . . . . .	Byte	 00000902 _TEXT	
N_STOD . . . . . . . . . . . . .	Byte	 0000188B _TEXT	
N_STORE  . . . . . . . . . . . .	Byte	 000005F8 _TEXT	
N_SWAP . . . . . . . . . . . . .	Byte	 00000549 _TEXT	
N_SZERO  . . . . . . . . . . . .	Byte	 0000082D _TEXT	
N_TASK . . . . . . . . . . . . .	Byte	 000028D1 _TEXT	
N_TDUP . . . . . . . . . . . . .	Byte	 00000573 _TEXT	
N_TFET . . . . . . . . . . . . .	Byte	 000005E0 _TEXT	
N_THEN . . . . . . . . . . . . .	Byte	 00002254 _TEXT	
N_THREE  . . . . . . . . . . . .	Byte	 00000780 _TEXT	
N_TIB  . . . . . . . . . . . . .	Byte	 0000084B _TEXT	
N_TICK . . . . . . . . . . . . .	Byte	 000020CB _TEXT	
N_TOGGL  . . . . . . . . . . . .	Byte	 0000059F _TEXT	
N_TOR  . . . . . . . . . . . . .	Byte	 0000044A _TEXT	
N_TRAV . . . . . . . . . . . . .	Byte	 00000B4C _TEXT	
N_TRIAD  . . . . . . . . . . . .	Byte	 000027C0 _TEXT	
N_TSTOR  . . . . . . . . . . . .	Byte	 0000061F _TEXT	
N_TWOP . . . . . . . . . . . . .	Byte	 000009B6 _TEXT	
N_TWO  . . . . . . . . . . . . .	Byte	 0000076B _TEXT	
N_UDOT . . . . . . . . . . . . .	Byte	 000025B9 _TEXT	
N_ULESS  . . . . . . . . . . . .	Byte	 00000AA5 _TEXT	
N_UNTIL  . . . . . . . . . . . .	Byte	 000022D3 _TEXT	
N_UPDAT  . . . . . . . . . . . .	Byte	 00001BF9 _TEXT	
N_USER . . . . . . . . . . . . .	Byte	 0000071D _TEXT	
N_USE  . . . . . . . . . . . . .	Byte	 00001B7D _TEXT	
N_USLAS  . . . . . . . . . . . .	Byte	 00000355 _TEXT	
N_USTAR  . . . . . . . . . . . .	Byte	 0000033E _TEXT	
N_UZERO  . . . . . . . . . . . .	Byte	 0000080B _TEXT	
N_VAR  . . . . . . . . . . . . .	Byte	 000006FB _TEXT	
N_VLIST  . . . . . . . . . . . .	Byte	 00002697 _TEXT	
N_VOCAB  . . . . . . . . . . . .	Byte	 0000165D _TEXT	
N_VOCL . . . . . . . . . . . . .	Byte	 000008A2 _TEXT	
N_WARM . . . . . . . . . . . . .	Byte	 000017F2 _TEXT	
N_WARN . . . . . . . . . . . . .	Byte	 0000086D _TEXT	
N_WHIL . . . . . . . . . . . . .	Byte	 000023CA _TEXT	
N_WIDTHE . . . . . . . . . . . .	Byte	 0000085B _TEXT	
N_XDO  . . . . . . . . . . . . .	Byte	 000000C5 _TEXT	
N_XLOOP  . . . . . . . . . . . .	Byte	 00000086 _TEXT	
N_XPLOO  . . . . . . . . . . . .	Byte	 000000B2 _TEXT	
N_ZBRAN  . . . . . . . . . . . .	Byte	 00000057 _TEXT	
N_ZEQU . . . . . . . . . . . . .	Byte	 00000482 _TEXT	
N_ZERO . . . . . . . . . . . . .	Byte	 00000744 _TEXT	
N_ZLESS  . . . . . . . . . . . .	Byte	 0000049E _TEXT	
OFSET  . . . . . . . . . . . . .	DWord	 000008C2 _TEXT	
ONEP . . . . . . . . . . . . . .	DWord	 000009AA _TEXT	
ONE  . . . . . . . . . . . . . .	DWord	 0000075C _TEXT	
OVER . . . . . . . . . . . . . .	DWord	 00000528 _TEXT	
PABOR  . . . . . . . . . . . . .	DWord	 0000133B _TEXT	
PAD  . . . . . . . . . . . . . .	DWord	 000010F8 _TEXT	
PAREN  . . . . . . . . . . . . .	DWord	 0000171A _TEXT	
PBUF1  . . . . . . . . . . . . .	DWord	 00001BE5 _TEXT	
PBUF . . . . . . . . . . . . . .	DWord	 00001BB9 _TEXT	
PDOTQ  . . . . . . . . . . . . .	DWord	 00000F4B _TEXT	
PFA  . . . . . . . . . . . . . .	DWord	 00000C18 _TEXT	
PFIND  . . . . . . . . . . . . .	DWord	 0000026C _TEXT	
PLINE  . . . . . . . . . . . . .	DWord	 00001ACC _TEXT	
PLOOP  . . . . . . . . . . . . .	DWord	 000022B7 _TEXT	
PLUS . . . . . . . . . . . . . .	DWord	 000004C0 _TEXT	
PM1  . . . . . . . . . . . . . .	DWord	 000018C2 _TEXT	
PMASK  . . . . . . . . . . . . .	Number	 000000FFh   
PM . . . . . . . . . . . . . . .	DWord	 000018AE _TEXT	
PNUM1  . . . . . . . . . . . . .	DWord	 000011B6 _TEXT	
PNUM2  . . . . . . . . . . . . .	DWord	 0000122E _TEXT	
PNUM3  . . . . . . . . . . . . .	DWord	 00001222 _TEXT	
PNUMB  . . . . . . . . . . . . .	DWord	 000011B2 _TEXT	
PORIG  . . . . . . . . . . . . .	DWord	 000000FE _TEXT	
PREV . . . . . . . . . . . . . .	DWord	 00001B96 _TEXT	
PSCOD  . . . . . . . . . . . . .	DWord	 00000E28 _TEXT	
PSTOR  . . . . . . . . . . . . .	DWord	 00000592 _TEXT	
QCOMP  . . . . . . . . . . . . .	DWord	 00000C8A _TEXT	
QCSP . . . . . . . . . . . . . .	DWord	 00000CFC _TEXT	
QERR1  . . . . . . . . . . . . .	DWord	 00000C78 _TEXT	
QERR2  . . . . . . . . . . . . .	DWord	 00000C7C _TEXT	
QERR . . . . . . . . . . . . . .	DWord	 00000C5C _TEXT	
QEXEC  . . . . . . . . . . . . .	DWord	 00000CB4 _TEXT	
QLOAD  . . . . . . . . . . . . .	DWord	 00000D2D _TEXT	
QPAIR  . . . . . . . . . . . . .	DWord	 00000CDB _TEXT	
QSTAC  . . . . . . . . . . . . .	DWord	 0000155D _TEXT	
QTERM  . . . . . . . . . . . . .	DWord	 00001EE7 _TEXT	
QUERY  . . . . . . . . . . . . .	DWord	 00000FD8 _TEXT	
QUES . . . . . . . . . . . . . .	DWord	 000025A9 _TEXT	
QUIT1  . . . . . . . . . . . . .	DWord	 0000174B _TEXT	
QUIT2  . . . . . . . . . . . . .	DWord	 00001776 _TEXT	
QUIT . . . . . . . . . . . . . .	DWord	 00001737 _TEXT	
RBRAC  . . . . . . . . . . . . .	DWord	 00000D9D _TEXT	
REPEA  . . . . . . . . . . . . .	DWord	 0000233E _TEXT	
RNUM . . . . . . . . . . . . . .	DWord	 0000095C _TEXT	
ROT  . . . . . . . . . . . . . .	DWord	 00000B02 _TEXT	
RPFET  . . . . . . . . . . . . .	DWord	 000003F5 _TEXT	
RPSTO  . . . . . . . . . . . . .	DWord	 00000409 _TEXT	
RR . . . . . . . . . . . . . . .	DWord	 0000047E _TEXT	
RSLW . . . . . . . . . . . . . .	DWord	 000020B4 _TEXT	
RTS  . . . . . . . . . . . . . .	Number	 00010000h   
RUBOUT . . . . . . . . . . . . .	DWord	 00000825 _TEXT	
RZERO  . . . . . . . . . . . . .	DWord	 00000843 _TEXT	
SCREEN . . . . . . . . . . . . .	DWord	 00001E2E _TEXT	
SCR  . . . . . . . . . . . . . .	DWord	 000008D2 _TEXT	
SCSP . . . . . . . . . . . . . .	DWord	 00000C3D _TEXT	
SECFAT . . . . . . . . . . . . .	Number	 00000009h   
SECROOT  . . . . . . . . . . . .	Number	 0000000Eh   
SECSTRT  . . . . . . . . . . . .	Number	 00000022h   
SEMI1  . . . . . . . . . . . . .	DWord	 00000E62 _TEXT	
SEMIC  . . . . . . . . . . . . .	DWord	 00000E4E _TEXT	
SEMIS  . . . . . . . . . . . . .	DWord	 00000422 _TEXT	
SEMI . . . . . . . . . . . . . .	DWord	 000006B5 _TEXT	
SIGN1  . . . . . . . . . . . . .	DWord	 0000248E _TEXT	
SIGN . . . . . . . . . . . . . .	DWord	 0000246E _TEXT	
SLASH  . . . . . . . . . . . . .	DWord	 00001A22 _TEXT	
SLMOD  . . . . . . . . . . . . .	DWord	 00001A04 _TEXT	
SMUDG  . . . . . . . . . . . . .	DWord	 00000DC0 _TEXT	
SPACES . . . . . . . . . . . . .	DWord	 000023EF _TEXT	
SPACE  . . . . . . . . . . . . .	DWord	 00000B1B _TEXT	
SPAX1  . . . . . . . . . . . . .	DWord	 0000241B _TEXT	
SPAX2  . . . . . . . . . . . . .	DWord	 0000240F _TEXT	
SPB  . . . . . . . . . . . . . .	Number	 00000002h   
SPDRV  . . . . . . . . . . . . .	Number	 00000B40h   
SPFET  . . . . . . . . . . . . .	DWord	 000003C7 _TEXT	
SPSTO  . . . . . . . . . . . . .	DWord	 000003DB _TEXT	
SPT  . . . . . . . . . . . . . .	Number	 00000012h   
SSLA . . . . . . . . . . . . . .	DWord	 00001A77 _TEXT	
SSMOD  . . . . . . . . . . . . .	DWord	 00001A58 _TEXT	
STAR . . . . . . . . . . . . . .	DWord	 000019EB _TEXT	
STATE  . . . . . . . . . . . . .	DWord	 0000090C _TEXT	
STOD . . . . . . . . . . . . . .	DWord	 00001894 _TEXT	
STORE  . . . . . . . . . . . . .	DWord	 000005FE _TEXT	
SWAP . . . . . . . . . . . . . .	DWord	 00000552 _TEXT	
SZERO  . . . . . . . . . . . . .	DWord	 00000834 _TEXT	
TASK . . . . . . . . . . . . . .	DWord	 000028DA _TEXT	
TDUP . . . . . . . . . . . . . .	DWord	 0000057C _TEXT	
TFET . . . . . . . . . . . . . .	DWord	 000005E7 _TEXT	
THEN . . . . . . . . . . . . . .	DWord	 0000225D _TEXT	
THREE  . . . . . . . . . . . . .	DWord	 00000786 _TEXT	
TIB  . . . . . . . . . . . . . .	DWord	 00000853 _TEXT	
TICK . . . . . . . . . . . . . .	DWord	 000020D1 _TEXT	
TOGGL  . . . . . . . . . . . . .	DWord	 000005AA _TEXT	
TOR  . . . . . . . . . . . . . .	DWord	 00000451 _TEXT	
TRAV1  . . . . . . . . . . . . .	DWord	 00000B61 _TEXT	
TRAV . . . . . . . . . . . . . .	DWord	 00000B59 _TEXT	
TRIA1  . . . . . . . . . . . . .	DWord	 0000280A _TEXT	
TRIA2  . . . . . . . . . . . . .	DWord	 00002826 _TEXT	
TRIAD  . . . . . . . . . . . . .	DWord	 000027CA _TEXT	
TRKS . . . . . . . . . . . . . .	Number	 00000050h   
TSTOR  . . . . . . . . . . . . .	DWord	 00000626 _TEXT	
TWOP . . . . . . . . . . . . . .	DWord	 000009BD _TEXT	
TWO  . . . . . . . . . . . . . .	DWord	 00000771 _TEXT	
UDOT . . . . . . . . . . . . . .	DWord	 000025C0 _TEXT	
ULES1  . . . . . . . . . . . . .	DWord	 00000AD8 _TEXT	
ULES2  . . . . . . . . . . . . .	DWord	 00000AE0 _TEXT	
ULESS  . . . . . . . . . . . . .	DWord	 00000AAC _TEXT	
UNTIL  . . . . . . . . . . . . .	DWord	 000022DD _TEXT	
UPDAT  . . . . . . . . . . . . .	DWord	 00001C04 _TEXT	
USER . . . . . . . . . . . . . .	DWord	 00000726 _TEXT	
USE  . . . . . . . . . . . . . .	DWord	 00001B85 _TEXT	
USLAS  . . . . . . . . . . . . .	DWord	 0000035C _TEXT	
USRVER . . . . . . . . . . . . .	Number	 00000022h   
USTAR  . . . . . . . . . . . . .	DWord	 00000345 _TEXT	
US . . . . . . . . . . . . . . .	Number	 00000100h   
UZERO  . . . . . . . . . . . . .	DWord	 00000812 _TEXT	
VAR  . . . . . . . . . . . . . .	DWord	 00000708 _TEXT	
VLIST  . . . . . . . . . . . . .	DWord	 000026A1 _TEXT	
VOCAB  . . . . . . . . . . . . .	DWord	 0000166C _TEXT	
VOCL . . . . . . . . . . . . . .	DWord	 000008AF _TEXT	
WARM . . . . . . . . . . . . . .	DWord	 000017FB _TEXT	
WARN . . . . . . . . . . . . . .	DWord	 00000879 _TEXT	
WHIL . . . . . . . . . . . . . .	DWord	 000023D4 _TEXT	
WIDTHE . . . . . . . . . . . . .	DWord	 00000865 _TEXT	
WORD1  . . . . . . . . . . . . .	DWord	 00001141 _TEXT	
WORD2  . . . . . . . . . . . . .	DWord	 00001149 _TEXT	
WRM1 . . . . . . . . . . . . . .	DWord	 000017EE _TEXT	
XDO  . . . . . . . . . . . . . .	DWord	 000000CE _TEXT	
XLOOP  . . . . . . . . . . . . .	DWord	 00000091 _TEXT	
XPLOO  . . . . . . . . . . . . .	DWord	 000000BE _TEXT	
ZBRAN  . . . . . . . . . . . . .	DWord	 00000063 _TEXT	
ZEQU . . . . . . . . . . . . . .	DWord	 00000489 _TEXT	
ZERO . . . . . . . . . . . . . .	DWord	 0000074A _TEXT	
ZLESS  . . . . . . . . . . . . .	DWord	 000004A5 _TEXT	
c_block_exit . . . . . . . . . .	L Near	 00000000 FLAT	External C
c_block_init . . . . . . . . . .	L Near	 00000000 FLAT	External C
c_expect . . . . . . . . . . . .	L Near	 00000000 FLAT	External C
c_key  . . . . . . . . . . . . .	L Near	 00000000 FLAT	External C
c_qterminal  . . . . . . . . . .	L Near	 00000000 FLAT	External C
c_readwrite  . . . . . . . . . .	L Near	 00000000 FLAT	External C
c_type . . . . . . . . . . . . .	L Near	 00000000 FLAT	External C

	   0 Warnings
	   0 Errors
